종목명,현재가,전일비,등락률,매수호가,매도호가,거래량,거래대금,전일거래량,업종명,조회일자,종목명_전처리,종목코드,매출액,영업이익,당기순이익,영업이익률,순이익률,ROE(지배주주),부채비율,당좌비율,유보율,EPS(원),PER(배),BPS(원),PBR(배),주당배당금(원),시가배당률(%),배당성향(%),시가총액,시가총액순위,상장주식수,액면가l매매단위,외국인한도주식수(A),외국인보유주식수(B),외국인소진율(B/A),투자의견l목표주가,52주최고l최저,PERlEPS(2022.06),추정PERlEPS,PBRlBPS (2022.06),배당수익률,동일업종 PER,동일업종 등락률,배당수익률l2021.12,PERlEPS(2021.12),PBRlBPS (2021.12),PERlEPS(2022.03),PBRlBPS (2022.03),PERlEPS(2021.09),PBRlBPS (2021.09)
WI *,1140.0,234.0,+25.83%,1135.0,1140.0,9171446.0,10065.0,231771.0,반도체와반도체장비,2022-09-20,WI,073570,,,,,,,,,,,,,,,,,922  억원,코스닥 896위,80904873,100원  l  1주,80904873,774014,0.96%,N/A  l  N/A,"2,130  l  798",N/A  l  -133원,N/A  l  N/A,3.10배  l  368원,,7.35배,-1.10%,,,,,,,
코디엠 *,440.0,41.0,+10.28%,439.0,440.0,8260735.0,3770.0,3424918.0,반도체와반도체장비,2022-09-20,코디엠,224060,,,,,,,,,,,,,,,,,267  억원,코스닥 1492위,60712429,500원  l  1주,60712429,614799,1.01%,N/A  l  N/A,"1,395  l  397",N/A  l  -272원,N/A  l  N/A,"0.43배  l  1,026원",,7.35배,-1.10%,,,,,,,
에스앤에스텍 *,24250.0,1650.0,+7.30%,24250.0,24300.0,535243.0,12907.0,117016.0,반도체와반도체장비,2022-09-20,에스앤에스텍,101490,,,,,,,,,,,,,,,,,"5,202  억원",코스닥 114위,21451447,500원  l  1주,21451447,1099583,5.13%,N/A  l  N/A,"39,000  l  18,250",43.62배  l  556원,N/A  l  N/A,"2.81배  l  8,623원",,7.35배,-1.10%,0.41%,,,,,,
타이거일렉 *,23300.0,1550.0,+7.13%,23200.0,23300.0,67349.0,1569.0,22208.0,반도체와반도체장비,2022-09-20,타이거일렉,219130,,,,,,,,,,,,,,,,,"1,471  억원",코스닥 588위,6314290,500원  l  1주,6314290,1236240,19.58%,N/A  l  N/A,"23,950  l  12,500","21.22배  l  1,098원",N/A  l  N/A,"2.62배  l  8,879원",,7.35배,-1.10%,,,,,,,
아진엑스텍 *,11500.0,750.0,+6.98%,11450.0,11500.0,245178.0,2745.0,235945.0,반도체와반도체장비,2022-09-20,아진엑스텍,059120,,,,,,,,,,,,,,,,,"1,121  억원",코스닥 764위,9748596,500원  l  1주,9748596,73832,0.76%,N/A  l  N/A,"17,200  l  7,500",34.53배  l  333원,N/A  l  N/A,"2.38배  l  4,839원",,7.35배,-1.10%,1.30%,,,,,,
KEC,2885.0,160.0,+5.87%,2885.0,2890.0,8496111.0,24522.0,2040720.0,반도체와반도체장비,2022-09-20,KEC,092220,,,,,,,,,,,,,,,,,"4,176  억원",코스피 366위,144748141,500원  l  1주,144748141,4142126,2.86%,N/A  l  N/A,"4,355  l  2,155",29.14배  l  99원,N/A  l  N/A,"1.42배  l  2,028원",,7.35배,-1.10%,,,,,,,
아이윈플러스 *,606.0,28.0,+4.84%,606.0,607.0,1550739.0,904.0,725313.0,반도체와반도체장비,2022-09-20,아이윈플러스,123010,,,,,,,,,,,,,,,,,719  억원,코스닥 1071위,118636752,100원  l  1주,118636752,301065,0.25%,N/A  l  N/A,"1,288  l  428",N/A  l  -56원,N/A  l  N/A,2.19배  l  277원,,7.35배,-1.10%,,,,,,,
러셀 *,3605.0,145.0,+4.19%,3605.0,3610.0,383835.0,1381.0,217913.0,반도체와반도체장비,2022-09-20,러셀,217500,,,,,,,,,,,,,,,,,"1,147  억원",코스닥 742위,31812000,100원  l  1주,31812000,303457,0.95%,N/A  l  N/A,"5,560  l  2,860",16.09배  l  224원,N/A  l  N/A,"1.99배  l  1,810원",,7.35배,-1.10%,0.83%,,,,,,
지오엘리먼트 *,21950.0,800.0,+3.78%,21900.0,21950.0,554763.0,12188.0,1297746.0,반도체와반도체장비,2022-09-20,지오엘리먼트,311320,,,,,,,,,,,,,,,,,"1,384  억원",코스닥 634위,6307280,500원  l  1주,6307280,3150,0.05%,N/A  l  N/A,"53,900  l  15,350",,N/A  l  N/A,,,7.35배,-1.10%,0.46%,"20.03배  l  1,096원","3.00배  l  7,320원",,,,
코미코 *,52300.0,1900.0,+3.77%,52200.0,52300.0,37315.0,1940.0,58825.0,반도체와반도체장비,2022-09-20,코미코,183300,,,,,,,,,,,,,,,,,"5,241  억원",코스닥 111위,10020447,500원  l  1주,10020447,3884626,38.77%,N/A  l  N/A,"86,000  l  42,900","11.15배  l  4,692원",N/A  l  N/A,"2.10배  l  24,960원",,7.35배,-1.10%,1.05%,,,,,,
HPSP *,64800.0,2300.0,+3.68%,64800.0,64900.0,175482.0,11396.0,237185.0,반도체와반도체장비,2022-09-20,HPSP,403870,,,,,,,,,,,,,,,,,"1조  2,864  억원",코스닥 30위,19852395,500원  l  1주,19852395,136322,0.69%,"4.00매수  l  82,000","72,200  l  42,100",,N/A  l  N/A,,,7.35배,-1.10%,,"30.42배  l  2,130원","15.25배  l  4,250원",,,,
넥스트칩 *,9600.0,340.0,+3.67%,9590.0,9600.0,290989.0,2873.0,147757.0,반도체와반도체장비,2022-09-20,넥스트칩,396270,,,,,,,,,,,,,,,,,"1,669  억원",코스닥 505위,17384240,500원  l  1주,17384240,63232,0.36%,N/A  l  N/A,"18,700  l  9,200",,N/A  l  N/A,,,7.35배,-1.10%,,"N/A  l  -1,690원","3.34배  l  2,877원",,,,
로체시스템즈 *,7280.0,250.0,+3.56%,7270.0,7280.0,669158.0,4849.0,648892.0,반도체와반도체장비,2022-09-20,로체시스템즈,071280,,,,,,,,,,,,,,,,,"1,114  억원",코스닥 767위,15296603,500원  l  1주,15296603,7153687,46.77%,N/A  l  N/A,"7,520  l  4,750",7.62배  l  956원,N/A  l  N/A,"1.16배  l  6,278원",,7.35배,-1.10%,0.28%,,,,,,
케이엔더블유 *,11950.0,400.0,+3.46%,11900.0,11950.0,268320.0,3231.0,170085.0,반도체와반도체장비,2022-09-20,케이엔더블유,105330,,,,,,,,,,,,,,,,,"1,450  억원",코스닥 599위,12135382,500원  l  1주,12135382,71952,0.59%,N/A  l  N/A,"16,450  l  8,090",60.97배  l  196원,N/A  l  N/A,"2.08배  l  5,752원",,7.35배,-1.10%,,,,,,,
라온테크 *,14950.0,450.0,+3.10%,14950.0,15000.0,246513.0,3633.0,356167.0,반도체와반도체장비,2022-09-20,라온테크,232680,198.0,42.0,,21.21,,,,,,,,,,,,,"1,866  억원",코스닥 439위,12480734,500원  l  1주,12480734,272271,2.18%,N/A  l  N/A,"24,400  l  10,010",26.99배  l  554원,N/A  l  N/A,"8.06배  l  1,855원",,7.35배,-1.10%,,,,,,,
해성디에스,54600.0,1600.0,+3.02%,54500.0,54600.0,199476.0,10811.0,336542.0,반도체와반도체장비,2022-09-20,해성디에스,195870,2233.0,557.0,428.0,24.96,19.18,,,,,2566.0,20.65,,,,,,"9,282  억원",코스피 228위,17000000,"5,000원  l  1주",17000000,1814771,10.68%,"4.00매수  l  95,000","74,700  l  38,350","6.99배  l  7,814원","6.00배  l  9,924원","2.51배  l  21,746원",,7.35배,-1.10%,1.10%,,,,,,
유니테스트 *,17550.0,500.0,+2.93%,17500.0,17550.0,99810.0,1747.0,133325.0,반도체와반도체장비,2022-09-20,유니테스트,086390,309.0,-28.0,,-9.06,,,,,,-95.0,-180.17,,,,,,"3,709  억원",코스닥 190위,21134126,500원  l  1주,21134126,1728225,8.18%,"4.00매수  l  30,000","33,300  l  16,250",N/A  l  -570원,N/A  l  N/A,"2.48배  l  7,067원",,7.35배,-1.10%,,,,,,,
싸이맥스 *,14800.0,400.0,+2.78%,14800.0,14850.0,29933.0,441.0,32302.0,반도체와반도체장비,2022-09-20,싸이맥스,160980,,,,,,,,,,,,,,,,,"1,617  억원",코스닥 524위,10924243,500원  l  1주,10924243,232945,2.13%,N/A  l  N/A,"21,750  l  12,600","11.66배  l  1,269원",N/A  l  N/A,"1.00배  l  14,766원",,7.35배,-1.10%,2.70%,,,,,,
에이팩트 *,5230.0,140.0,+2.75%,5210.0,5230.0,72387.0,376.0,141196.0,반도체와반도체장비,2022-09-20,에이팩트,200470,,,,,,,,,,,,,,,,,966  억원,코스닥 872위,18476189,500원  l  1주,18476189,357465,1.93%,N/A  l  N/A,"7,850  l  3,770",18.81배  l  278원,N/A  l  N/A,"1.29배  l  4,045원",,7.35배,-1.10%,,,,,,,
에프에스티 *,13300.0,350.0,+2.70%,13250.0,13300.0,74392.0,999.0,61371.0,반도체와반도체장비,2022-09-20,에프에스티,036810,,,,,,,,,,,,,,,,,"2,894  억원",코스닥 258위,21756789,500원  l  1주,21756789,863886,3.97%,N/A  l  N/A,"28,650  l  12,550",54.51배  l  244원,N/A  l  N/A,"1.30배  l  10,205원",,7.35배,-1.10%,0.98%,,,,,,
유니트론텍 *,3605.0,90.0,+2.56%,3605.0,3625.0,41274.0,149.0,69385.0,반도체와반도체장비,2022-09-20,유니트론텍,142210,,,,,,,,,,,,,,,,,678  억원,코스닥 1129위,18804562,500원  l  1주,18804562,51060,0.27%,N/A  l  N/A,"5,758  l  3,405",4.50배  l  801원,N/A  l  N/A,"0.82배  l  4,420원",,7.35배,-1.10%,1.66%,,,,,,
인텍플러스 *,16100.0,400.0,+2.55%,16100.0,16150.0,45639.0,734.0,263558.0,반도체와반도체장비,2022-09-20,인텍플러스,064290,,,,,,,,,,,,,,,,,"2,048  억원",코스닥 401위,12718462,500원  l  1주,12718462,398153,3.13%,"4.00매수  l  25,400","33,300  l  15,400","7.84배  l  2,053원",N/A  l  N/A,"3.29배  l  4,888원",,7.35배,-1.10%,1.24%,,,,,,
기가레인 *,1485.0,35.0,+2.41%,1480.0,1485.0,126005.0,185.0,282749.0,반도체와반도체장비,2022-09-20,기가레인,049080,230.0,28.0,,12.17,,,,,,,,,,,,,"1,177  억원",코스닥 733위,79243240,500원  l  1주,79243240,532014,0.67%,"4.00매수  l  1,800","2,700  l  1,360",N/A  l  -21원,N/A  l  N/A,1.97배  l  753원,,7.35배,-1.10%,,,,,,,
앤씨앤 *,1985.0,45.0,+2.32%,1980.0,1985.0,58760.0,117.0,89365.0,반도체와반도체장비,2022-09-20,앤씨앤,092600,,,,,,,,,,,,,,,,,498  억원,코스닥 1311위,25083517,500원  l  1주,25083517,313610,1.25%,N/A  l  N/A,"4,870  l  1,925",N/A  l  -654원,N/A  l  N/A,"0.76배  l  2,615원",,7.35배,-1.10%,,,,,,,
알에프세미 *,3070.0,65.0,+2.16%,3055.0,3070.0,72085.0,220.0,126906.0,반도체와반도체장비,2022-09-20,알에프세미,096610,,,,,,,,,,,,,,,,,334  억원,코스닥 1460위,10873812,500원  l  1주,10873812,0,0.00%,N/A  l  N/A,"11,500  l  2,735",N/A  l  -950원,N/A  l  N/A,"1.06배  l  2,895원",,7.35배,-1.10%,,,,,,,
칩스앤미디어 *,16650.0,350.0,+2.15%,16600.0,16650.0,84553.0,1411.0,120004.0,반도체와반도체장비,2022-09-20,칩스앤미디어,094360,63.0,20.0,21.0,31.75,33.33,,,,,218.0,74.83,,,,,,"1,605  억원",코스닥 529위,9640315,500원  l  1주,9640315,222836,2.31%,N/A  l  N/A,"27,050  l  12,050",19.80배  l  841원,N/A  l  N/A,"4.05배  l  4,109원",,7.35배,-1.10%,0.98%,,,,,,
아이앤씨 *,2675.0,55.0,+2.10%,2665.0,2675.0,25845.0,69.0,116565.0,반도체와반도체장비,2022-09-20,아이앤씨,052860,,,,,,,,,,,,,,,,,478  억원,코스닥 1332위,17862854,500원  l  1주,17862854,116234,0.65%,N/A  l  N/A,"4,700  l  2,350",N/A  l  -38원,N/A  l  N/A,"1.08배  l  2,482원",,7.35배,-1.10%,,,,,,,
하이딥 *,1220.0,25.0,+2.09%,1215.0,1220.0,238123.0,289.0,648252.0,반도체와반도체장비,2022-09-20,하이딥,365590,,,,,,,,,,,,,,,,,"1,677  억원",코스닥 502위,137457352,100원  l  1주,137457352,21645593,15.75%,N/A  l  N/A,"2,625  l  1,190",,N/A  l  N/A,,,7.35배,-1.10%,,N/A  l  -42원,9.53배  l  128원,,,,
유니셈 *,8030.0,160.0,+2.03%,8020.0,8030.0,420433.0,3360.0,469436.0,반도체와반도체장비,2022-09-20,유니셈,036200,846.0,130.0,,15.37,,,,,,,,,,,,,"2,462  억원",코스닥 323위,30664223,500원  l  1주,30664223,1579582,5.15%,"4.00매수  l  10,200","15,150  l  6,700",10.37배  l  774원,N/A  l  N/A,"1.25배  l  6,448원",,7.35배,-1.10%,1.49%,,,,,,
테스 *,18450.0,350.0,+1.93%,18400.0,18450.0,58571.0,1081.0,44289.0,반도체와반도체장비,2022-09-20,테스,095610,908.0,169.0,87.0,18.65,9.58,,,,,627.0,28.86,,,,,,"3,647  억원",코스닥 197위,19768226,500원  l  1주,19768226,1651735,8.36%,"4.00매수  l  29,333","30,100  l  17,950","7.01배  l  2,631원","7.00배  l  2,607원","1.12배  l  16,518원",,7.35배,-1.10%,3.04%,,,,,,
엑사이엔씨 *,1325.0,25.0,+1.92%,1320.0,1325.0,148376.0,195.0,622450.0,반도체와반도체장비,2022-09-20,엑사이엔씨,054940,,,,,,,,,,,,,,,,,440  억원,코스닥 1376위,33173548,500원  l  1주,33173548,545362,1.64%,N/A  l  N/A,"1,690  l  991",3.27배  l  405원,N/A  l  N/A,"0.71배  l  1,867원",,7.35배,-1.10%,,,,,,,
유니퀘스트,9070.0,170.0,+1.91%,9070.0,9080.0,111364.0,1018.0,110041.0,반도체와반도체장비,2022-09-20,유니퀘스트,077500,,,,,,,,,,,,,,,,,"2,481  억원",코스피 516위,27348975,500원  l  1주,27348975,14296275,52.27%,N/A  l  N/A,"13,200  l  8,320","3.42배  l  2,652원",N/A  l  N/A,"0.71배  l  12,734원",,7.35배,-1.10%,3.31%,,,,,,
제이티 *,6950.0,130.0,+1.91%,6940.0,6950.0,33380.0,232.0,34490.0,반도체와반도체장비,2022-09-20,제이티,089790,212.0,39.0,,18.4,,,,,,320.0,21.32,,,,,,717  억원,코스닥 1076위,10315513,500원  l  1주,10315513,405507,3.93%,"4.00매수  l  15,000","11,100  l  5,960","4.69배  l  1,481원",N/A  l  N/A,"1.31배  l  5,307원",,7.35배,-1.10%,,,,,,,
티씨케이 *,102400.0,1900.0,+1.89%,102400.0,102500.0,22384.0,2291.0,24244.0,반도체와반도체장비,2022-09-20,티씨케이,064760,880.0,346.0,270.0,39.28,30.76,,,,,2317.0,43.38,,,,,,"1조  1,955  억원",코스닥 37위,11675000,500원  l  1주,11675000,8297926,71.07%,"4.00매수  l  160,000","155,800  l  100,300","13.22배  l  7,746원",N/A  l  N/A,"3.22배  l  31,820원",,7.35배,-1.10%,1.40%,,,,,,
메카로 *,11000.0,200.0,+1.85%,10950.0,11000.0,22389.0,245.0,23714.0,반도체와반도체장비,2022-09-20,메카로,241770,,,,,,,,,,,,,,,,,"1,121  억원",코스닥 763위,10192640,500원  l  1주,10192640,1385,0.01%,N/A  l  N/A,"15,700  l  9,600",18.84배  l  584원,N/A  l  N/A,"0.73배  l  15,094원",,7.35배,-1.10%,1.46%,,,,,,
엠케이전자 *,11400.0,200.0,+1.79%,11400.0,11450.0,150164.0,1698.0,251094.0,반도체와반도체장비,2022-09-20,엠케이전자,033160,,,,,,,,,,,,,,,,,"2,486  억원",코스닥 319위,21807689,500원  l  1주,21807689,463813,2.13%,N/A  l  N/A,"24,150  l  9,950",13.26배  l  860원,N/A  l  N/A,"0.59배  l  19,457원",,7.35배,-1.10%,1.32%,,,,,,
큐에스아이 *,11550.0,200.0,+1.76%,11500.0,11550.0,52828.0,612.0,105475.0,반도체와반도체장비,2022-09-20,큐에스아이,066310,,,,,,,,,,,,,,,,,"1,071  억원",코스닥 797위,9271621,500원  l  1주,9271621,374793,4.04%,N/A  l  N/A,"28,650  l  10,550",41.10배  l  281원,N/A  l  N/A,"1.36배  l  8,475원",,7.35배,-1.10%,0.87%,,,,,,
미코 *,7350.0,120.0,+1.66%,7340.0,7350.0,50795.0,372.0,72497.0,반도체와반도체장비,2022-09-20,미코,059090,,,,,,,,,,,,,,,,,"2,456  억원",코스닥 324위,33416778,500원  l  1주,33416778,1801035,5.39%,N/A  l  N/A,"16,000  l  7,000",N/A  l  -619원,N/A  l  N/A,"1.10배  l  6,665원",,7.35배,-1.10%,0.95%,,,,,,
GST *,21750.0,350.0,+1.64%,21700.0,21750.0,59370.0,1299.0,85156.0,반도체와반도체장비,2022-09-20,GST,083450,934.0,162.0,,17.34,,,,,,1363.0,15.7,,,,,,"2,027  억원",코스닥 410위,9317745,500원  l  1주,9317745,600533,6.45%,"4.00매수  l  30,500","38,600  l  19,950","5.16배  l  4,216원",N/A  l  N/A,"1.16배  l  18,672원",,7.35배,-1.10%,1.38%,,,,,,
가온칩스 *,25050.0,400.0,+1.62%,25050.0,25100.0,588714.0,14772.0,1256861.0,반도체와반도체장비,2022-09-20,가온칩스,399720,,,,,,,,,,,,,,,,,"2,878  억원",코스닥 261위,11488320,500원  l  1주,11488320,11220,0.10%,N/A  l  N/A,"39,500  l  20,800",,N/A  l  N/A,,,7.35배,-1.10%,,37.00배  l  677원,"5.58배  l  4,488원",,,,
서플러스글로벌 *,3160.0,50.0,+1.61%,3155.0,3160.0,58359.0,184.0,70526.0,반도체와반도체장비,2022-09-20,서플러스글로벌,140070,,,,,,,,,,,,,,,,,"1,169  억원",코스닥 735위,36988000,100원  l  1주,36988000,400925,1.08%,N/A  l  N/A,"5,250  l  3,080",3.97배  l  795원,N/A  l  N/A,"0.64배  l  4,926원",,7.35배,-1.10%,1.58%,,,,,,
에이디테크놀로지 *,12800.0,200.0,+1.59%,12800.0,12900.0,21673.0,278.0,114231.0,반도체와반도체장비,2022-09-20,에이디테크놀로지,200710,,,,,,,,,,,,,,,,,"1,707  억원",코스닥 490위,13334327,500원  l  1주,13334327,96819,0.73%,N/A  l  N/A,"24,550  l  12,200","12.17배  l  1,052원",N/A  l  N/A,"1.00배  l  12,851원",,7.35배,-1.10%,0.55%,,,,,,
엘비루셈 *,8780.0,130.0,+1.50%,8750.0,8780.0,107960.0,940.0,381864.0,반도체와반도체장비,2022-09-20,엘비루셈,376190,,,,,,,,,,,,,,,,,"2,160  억원",코스닥 377위,24600000,500원  l  1주,24600000,6615786,26.89%,N/A  l  N/A,"13,100  l  6,720",10.02배  l  876원,N/A  l  N/A,"1.07배  l  8,213원",,7.35배,-1.10%,,,,,,,
KX하이텍 *,1390.0,20.0,+1.46%,1385.0,1390.0,107363.0,148.0,319365.0,반도체와반도체장비,2022-09-20,KX하이텍,052900,,,,,,,,,,,,,,,,,718  억원,코스닥 1074위,51628046,500원  l  1주,51628046,1027923,1.99%,N/A  l  N/A,"1,965  l  1,200",6.10배  l  228원,N/A  l  N/A,"0.74배  l  1,888원",,7.35배,-1.10%,,,,,,,
피에스케이홀딩스 *,8300.0,110.0,+1.34%,8280.0,8300.0,8521.0,71.0,19684.0,반도체와반도체장비,2022-09-20,피에스케이홀딩스,031980,,,,,,,,,,,,,,,,,"1,790  억원",코스닥 458위,21562395,500원  l  1주,21562395,308879,1.43%,N/A  l  N/A,"18,550  l  8,000","6.09배  l  1,362원",N/A  l  N/A,"0.67배  l  12,376원",,7.35배,-1.10%,4.82%,,,,,,
티엘비 *,42800.0,550.0,+1.30%,42750.0,42800.0,41441.0,1788.0,80174.0,반도체와반도체장비,2022-09-20,티엘비,356860,559.0,103.0,,18.43,,,,,,,,,,,,,"2,104  억원",코스닥 388위,4916315,500원  l  1주,4916315,45109,0.92%,"4.00매수  l  55,450","50,000  l  30,000","8.73배  l  4,905원",N/A  l  N/A,"2.14배  l  20,009원",,7.35배,-1.10%,0.58%,,,,,,
와이아이케이 *,3545.0,45.0,+1.29%,3545.0,3550.0,75135.0,268.0,83994.0,반도체와반도체장비,2022-09-20,와이아이케이,232140,,,,,,,,,,,,,,,,,"2,908  억원",코스닥 255위,82045350,100원  l  1주,82045350,468937,0.57%,N/A  l  N/A,"6,610  l  3,480",7.01배  l  506원,N/A  l  N/A,"0.99배  l  3,591원",,7.35배,-1.10%,,,,,,,
네패스 *,20500.0,250.0,+1.23%,20400.0,20500.0,119191.0,2466.0,141755.0,반도체와반도체장비,2022-09-20,네패스,033640,,,,,,,,,,,,,,,,,"4,727  억원",코스닥 133위,23059202,500원  l  1주,23059202,1845709,8.00%,N/A  l  N/A,"39,350  l  17,700","N/A  l  -1,763원",N/A  l  N/A,"2.96배  l  6,928원",,7.35배,-1.10%,,,,,,,
아이텍 *,8230.0,100.0,+1.23%,8230.0,8240.0,452178.0,3780.0,61750.0,반도체와반도체장비,2022-09-20,아이텍,119830,,,,,,,,,,,,,,,,,"1,602  억원",코스닥 531위,19463533,500원  l  1주,19463533,69207,0.36%,N/A  l  N/A,"13,600  l  7,830",N/A  l  -71원,N/A  l  N/A,"1.38배  l  5,965원",,7.35배,-1.10%,,,,,,,
엘비세미콘 *,8380.0,100.0,+1.21%,8370.0,8380.0,86507.0,726.0,116001.0,반도체와반도체장비,2022-09-20,엘비세미콘,061970,1505.0,192.0,,12.72,,,,,,317.0,26.08,,,,,,"3,669  억원",코스닥 192위,43784592,500원  l  1주,43784592,1414848,3.23%,"4.00매수  l  15,500","13,950  l  7,770",10.12배  l  828원,N/A  l  N/A,"1.47배  l  5,710원",,7.35배,-1.10%,0.60%,,,,,,
케이씨,17000.0,200.0,+1.19%,16950.0,17000.0,17393.0,292.0,30055.0,반도체와반도체장비,2022-09-20,케이씨,029460,,,,,,,,,,,,,,,,,"2,304  억원",코스피 543위,13554044,500원  l  1주,13554044,858578,6.33%,N/A  l  N/A,"23,800  l  16,600","3.16배  l  5,382원",N/A  l  N/A,"0.31배  l  54,737원",,7.35배,-1.10%,1.76%,,,,,,
지니틱스 *,2260.0,25.0,+1.12%,2260.0,2275.0,260088.0,594.0,370227.0,반도체와반도체장비,2022-09-20,지니틱스,303030,,,,,,,,,,,,,,,,,808  억원,코스닥 989위,35745668,100원  l  1주,35745668,504119,1.41%,N/A  l  N/A,"3,690  l  2,060",N/A  l  -50원,N/A  l  N/A,2.69배  l  839원,,7.35배,-1.10%,,,,,,,
샘씨엔에스 *,4570.0,50.0,+1.11%,4555.0,4580.0,31857.0,146.0,58288.0,반도체와반도체장비,2022-09-20,샘씨엔에스,252990,,,,,,,,,,,,,,,,,"2,292  억원",코스닥 351위,50153846,500원  l  1주,50153846,17077,0.03%,"4.00매수  l  7,310","7,610  l  3,880",14.65배  l  312원,N/A  l  N/A,"2.07배  l  2,209원",,7.35배,-1.10%,,,,,,,
피델릭스 *,1405.0,15.0,+1.08%,1405.0,1410.0,142232.0,201.0,180566.0,반도체와반도체장비,2022-09-20,피델릭스,032580,,,,,,,,,,,,,,,,,466  억원,코스닥 1345위,33132064,500원  l  1주,33132064,11665895,35.21%,N/A  l  N/A,"2,120  l  1,155",4.62배  l  304원,N/A  l  N/A,"0.99배  l  1,426원",,7.35배,-1.10%,,,,,,,
덕산하이메탈 *,7000.0,70.0,+1.01%,7000.0,7010.0,76549.0,537.0,144715.0,반도체와반도체장비,2022-09-20,덕산하이메탈,077360,370.0,52.0,,14.05,,,,,,229.0,30.28,,,,,,"3,181  억원",코스닥 225위,45437002,200원  l  1주,45437002,2470009,5.44%,"4.00매수  l  8,600","10,550  l  5,930",9.78배  l  716원,N/A  l  N/A,"1.05배  l  6,642원",,7.35배,-1.10%,,,,,,,
네온테크 *,3880.0,35.0,+0.91%,3880.0,3885.0,920186.0,3614.0,6408267.0,반도체와반도체장비,2022-09-20,네온테크,306620,,,,,,,,,,,,,,,,,"1,618  억원",코스닥 522위,41688607,100원  l  1주,41688607,79005,0.19%,N/A  l  N/A,"6,530  l  2,450",N/A  l  -16원,N/A  l  N/A,3.93배  l  988원,,7.35배,-1.10%,,,,,,,
피에스케이 *,33600.0,300.0,+0.90%,33550.0,33600.0,161104.0,5407.0,169663.0,반도체와반도체장비,2022-09-20,피에스케이,319660,1304.0,290.0,,22.23,,,,,,1642.0,20.28,,,,,,"4,866  억원",코스닥 127위,14483357,500원  l  1주,14483357,1547717,10.69%,"4.00매수  l  53,750","54,400  l  31,450","7.21배  l  4,660원","6.00배  l  5,345원","1.55배  l  21,727원",,7.35배,-1.10%,1.79%,,,,,,
한양디지텍 *,11550.0,100.0,+0.87%,11500.0,11550.0,78994.0,909.0,226527.0,반도체와반도체장비,2022-09-20,한양디지텍,078350,,,,,,,,,,,,,,,,,"1,761  억원",코스닥 468위,15244382,500원  l  1주,15244382,586679,3.85%,N/A  l  N/A,"19,650  l  7,830","5.18배  l  2,230원",N/A  l  N/A,"1.66배  l  6,964원",,7.35배,-1.10%,,,,,,,
다믈멀티미디어 *,4720.0,40.0,+0.85%,4720.0,4725.0,59855.0,281.0,88564.0,반도체와반도체장비,2022-09-20,다믈멀티미디어,093640,,,,,,,,,,,,,,,,,861  억원,코스닥 944위,18248289,500원  l  1주,18248289,0,0.00%,N/A  l  N/A,"6,150  l  3,325",N/A  l  -85원,N/A  l  N/A,"1.86배  l  2,538원",,7.35배,-1.10%,,,,,,,
비씨엔씨 *,18000.0,150.0,+0.84%,17950.0,18000.0,61245.0,1109.0,96512.0,반도체와반도체장비,2022-09-20,비씨엔씨,146320,,,,,,,,,,,,,,,,,"2,226  억원",코스닥 365위,12367923,500원  l  1주,12367923,28531,0.23%,"4.00매수  l  23,300","33,700  l  13,600",24.97배  l  721원,N/A  l  N/A,"3.31배  l  5,446원",,7.35배,-1.10%,,,,,,,
월덱스 *,18900.0,150.0,+0.80%,18900.0,18950.0,33691.0,641.0,66745.0,반도체와반도체장비,2022-09-20,월덱스,101160,,,,,,,,,,,,,,,,,"3,121  억원",코스닥 234위,16510993,500원  l  1주,16510993,284570,1.72%,"4.00매수  l  31,000","31,600  l  16,550","8.43배  l  2,242원",N/A  l  N/A,"1.90배  l  9,969원",,7.35배,-1.10%,0.32%,,,,,,
젬백스 *,12900.0,100.0,+0.78%,12850.0,12900.0,70497.0,908.0,65474.0,반도체와반도체장비,2022-09-20,젬백스,082270,,,,,,,,,,,,,,,,,"5,136  억원",코스닥 116위,39812863,500원  l  1주,39812863,3004987,7.55%,N/A  l  N/A,"20,550  l  12,500",N/A  l  -11원,N/A  l  N/A,"3.48배  l  3,707원",,7.35배,-1.10%,,,,,,,
엔시트론 *,675.0,5.0,+0.75%,675.0,677.0,308278.0,208.0,475470.0,반도체와반도체장비,2022-09-20,엔시트론,101400,,,,,,,,,,,,,,,,,319  억원,코스닥 1464위,47203978,500원  l  1주,47203978,213680,0.45%,N/A  l  N/A,"1,480  l  666",N/A  l  -12원,N/A  l  N/A,1.02배  l  665원,,7.35배,-1.10%,,,,,,,
에스티아이 *,13950.0,100.0,+0.72%,13900.0,13950.0,69669.0,975.0,117672.0,반도체와반도체장비,2022-09-20,에스티아이,039440,1207.0,136.0,,11.27,,,,,,,,,,,,,"2,208  억원",코스닥 370위,15830000,500원  l  1주,15830000,1006311,6.36%,"4.00매수  l  22,000","21,950  l  13,750","5.93배  l  2,352원",N/A  l  N/A,"1.00배  l  14,007원",,7.35배,-1.10%,1.43%,,,,,,
디엔에프 *,14650.0,100.0,+0.69%,14600.0,14650.0,56365.0,828.0,112661.0,반도체와반도체장비,2022-09-20,디엔에프,092070,,,,,,,,,,,,,,,,,"1,695  억원",코스닥 496위,11571858,500원  l  1주,11571858,388657,3.36%,N/A  l  N/A,"25,000  l  12,900","11.23배  l  1,304원",N/A  l  N/A,"1.14배  l  12,836원",,7.35배,-1.10%,1.37%,,,,,,
한솔아이원스 *,7250.0,50.0,+0.69%,7230.0,7250.0,21926.0,159.0,65575.0,반도체와반도체장비,2022-09-20,한솔아이원스,114810,,,,,,,,,,,,,,,,,"2,128  억원",코스닥 381위,29352174,500원  l  1주,29352174,359724,1.23%,N/A  l  N/A,"13,800  l  6,570","6.61배  l  1,097원",N/A  l  N/A,"1.08배  l  6,695원",,7.35배,-1.10%,,,,,,,
동진쎄미켐 *,31300.0,200.0,+0.64%,31250.0,31300.0,217253.0,6831.0,348646.0,반도체와반도체장비,2022-09-20,동진쎄미켐,005290,,,,,,,,,,,,,,,,,"1조  6,093  억원",코스닥 21위,51414494,500원  l  1주,51414494,3843460,7.48%,N/A  l  N/A,"52,100  l  29,350","11.74배  l  2,665원",N/A  l  N/A,"2.53배  l  12,364원",,7.35배,-1.10%,0.35%,,,,,,
마이크로컨텍솔 *,6080.0,30.0,+0.50%,6080.0,6090.0,24238.0,147.0,72212.0,반도체와반도체장비,2022-09-20,마이크로컨텍솔,098120,,,,,,,,,,,,,,,,,505  억원,코스닥 1303위,8312766,500원  l  1주,8312766,1259760,15.15%,N/A  l  N/A,"15,650  l  5,680",6.23배  l  976원,N/A  l  N/A,"1.14배  l  5,339원",,7.35배,-1.10%,0.49%,,,,,,
성우테크론 *,4540.0,20.0,+0.44%,4540.0,4560.0,16466.0,75.0,33180.0,반도체와반도체장비,2022-09-20,성우테크론,045300,,,,,,,,,,,,,,,,,444  억원,코스닥 1368위,9771293,500원  l  1주,9771293,211711,2.17%,N/A  l  N/A,"8,190  l  4,150",7.64배  l  594원,N/A  l  N/A,"0.67배  l  6,730원",,7.35배,-1.10%,0.86%,,,,,,
한국전자홀딩스,1330.0,5.0,+0.38%,1325.0,1340.0,179012.0,239.0,224954.0,반도체와반도체장비,2022-09-20,한국전자홀딩스,006200,,,,,,,,,,,,,,,,,622  억원,코스피 976위,46803136,500원  l  1주,46803136,2226387,4.76%,N/A  l  N/A,"2,740  l  1,260",2.38배  l  559원,N/A  l  N/A,"0.41배  l  3,209원",,7.35배,-1.10%,,,,,,,
한미반도체,13050.0,50.0,+0.38%,13050.0,13100.0,674540.0,8900.0,1147794.0,반도체와반도체장비,2022-09-20,한미반도체,042700,1052.0,402.0,,38.16,,,,,,325.0,40.06,,,,,,"1조  2,909  억원",코스피 188위,98919754,100원  l  1주,98919754,5109634,5.17%,"4.00매수  l  18,000","19,825  l  11,550","11.44배  l  1,141원","11.00배  l  1,175원","3.47배  l  3,764원",,7.35배,-1.10%,2.30%,,,,,,
오션브릿지 *,13350.0,50.0,+0.38%,13350.0,13400.0,10352.0,138.0,27549.0,반도체와반도체장비,2022-09-20,오션브릿지,241790,,,,,,,,,,,,,,,,,"1,335  억원",코스닥 662위,10002634,500원  l  1주,10002634,103978,1.04%,N/A  l  N/A,"17,900  l  10,150","9.17배  l  1,456원",N/A  l  N/A,"1.50배  l  8,885원",,7.35배,-1.10%,2.25%,,,,,,
에이티세미콘 *,1410.0,5.0,+0.36%,1405.0,1410.0,908448.0,1281.0,834446.0,반도체와반도체장비,2022-09-20,에이티세미콘,089530,,,,,,,,,,,,,,,,,806  억원,코스닥 992위,57151101,500원  l  1주,57151101,721471,1.26%,N/A  l  N/A,"3,895  l  906","N/A  l  -1,830원",N/A  l  N/A,"1.24배  l  1,139원",,7.35배,-1.10%,,,,,,,
윈팩 *,1415.0,5.0,+0.35%,1410.0,1415.0,53604.0,76.0,290778.0,반도체와반도체장비,2022-09-20,윈팩,097800,,,,,,,,,,,,,,,,,703  억원,코스닥 1097위,49667141,500원  l  1주,49667141,768859,1.55%,N/A  l  N/A,"2,675  l  1,275",N/A  l  -98원,N/A  l  N/A,"1.09배  l  1,294원",,7.35배,-1.10%,,,,,,,
시그네틱스 *,1520.0,5.0,+0.33%,1515.0,1520.0,186947.0,283.0,433698.0,반도체와반도체장비,2022-09-20,시그네틱스,033170,,,,,,,,,,,,,,,,,"1,303  억원",코스닥 670위,85728319,500원  l  1주,85728319,1508242,1.76%,N/A  l  N/A,"2,800  l  1,375",10.13배  l  150원,N/A  l  N/A,"1.02배  l  1,484원",,7.35배,-1.10%,,,,,,,
원익홀딩스 *,3395.0,10.0,+0.30%,3390.0,3395.0,319863.0,1096.0,127187.0,반도체와반도체장비,2022-09-20,원익홀딩스,030530,,,,,,,,,,,,,,,,,"2,622  억원",코스닥 298위,77237981,500원  l  1주,77237981,6073733,7.86%,N/A  l  N/A,"5,740  l  3,300",3.49배  l  972원,N/A  l  N/A,"0.26배  l  13,114원",,7.35배,-1.10%,,,,,,,
이오테크닉스 *,71400.0,200.0,+0.28%,71300.0,71400.0,41631.0,2984.0,49395.0,반도체와반도체장비,2022-09-20,이오테크닉스,039030,1100.0,247.0,196.0,22.45,17.82,,,,,,,,,,,,"8,796  억원",코스닥 58위,12319550,500원  l  1주,12319550,2239087,18.18%,"4.00매수  l  110,000","124,000  l  69,100","11.12배  l  6,420원",N/A  l  N/A,"1.71배  l  41,858원",,7.35배,-1.10%,1.26%,,,,,,
오킨스전자 *,19950.0,50.0,+0.25%,19950.0,20000.0,17879.0,358.0,41911.0,반도체와반도체장비,2022-09-20,오킨스전자,080580,,,,,,,,,,,,,,,,,"3,527  억원",코스닥 205위,17679298,500원  l  1주,17679298,2028173,11.47%,N/A  l  N/A,"28,800  l  18,550",136.64배  l  146원,N/A  l  N/A,"9.50배  l  2,099원",,7.35배,-1.10%,,,,,,,
픽셀플러스 *,9340.0,20.0,+0.21%,9330.0,9340.0,41443.0,387.0,152846.0,반도체와반도체장비,2022-09-20,픽셀플러스,087600,,,,,,,,,,,,,,,,,763  억원,코스닥 1030위,8166558,500원  l  1주,8166558,0,0.00%,N/A  l  N/A,"13,750  l  7,060",11.84배  l  789원,N/A  l  N/A,"0.68배  l  13,654원",,7.35배,-1.10%,,,,,,,
바른전자 *,4960.0,10.0,+0.20%,4960.0,4965.0,176222.0,882.0,190917.0,반도체와반도체장비,2022-09-20,바른전자,064520,,,,,,,,,,,,,,,,,417  억원,코스닥 1396위,8416723,500원  l  1주,8416723,41351,0.49%,N/A  l  N/A,"7,200  l  4,170","1,653.33배  l  3원",N/A  l  N/A,"0.95배  l  5,217원",,7.35배,-1.10%,,,,,,,
네패스아크 *,25550.0,50.0,+0.20%,25550.0,25600.0,14649.0,378.0,20030.0,반도체와반도체장비,2022-09-20,네패스아크,330860,,,,,,,,,,,,,,,,,"3,113  억원",코스닥 235위,12184045,500원  l  1주,12184045,182437,1.50%,"4.00매수  l  43,000","56,000  l  25,400","11.48배  l  2,225원",N/A  l  N/A,"1.27배  l  20,045원",,7.35배,-1.10%,,,,,,,
뉴파워프라즈마 *,4300.0,5.0,+0.12%,4300.0,4305.0,44131.0,190.0,133735.0,반도체와반도체장비,2022-09-20,뉴파워프라즈마,144960,,,,,,,,,,,,,,,,,"1,879  억원",코스닥 436위,43692624,100원  l  1주,43692624,1459533,3.34%,N/A  l  N/A,"9,460  l  3,600",10.39배  l  414원,N/A  l  N/A,"0.83배  l  5,205원",,7.35배,-1.10%,1.16%,,,,,,
미래산업,9400.0,10.0,+0.11%,9400.0,9420.0,13167.0,123.0,11984.0,반도체와반도체장비,2022-09-20,미래산업,025560,,,,,,,,,,,,,,,,,418  억원,코스피 1083위,4452007,500원  l  1주,4452007,140212,3.15%,N/A  l  N/A,"27,600  l  9,000","4.64배  l  2,025원",N/A  l  N/A,"0.44배  l  21,282원",,7.35배,-1.10%,,,,,,,
SFA반도체 *,4835.0,5.0,+0.10%,4830.0,4835.0,260705.0,1264.0,376438.0,반도체와반도체장비,2022-09-20,SFA반도체,036540,1897.0,210.0,,11.07,,,,,,84.0,57.35,,,,,,"7,952  억원",코스닥 67위,164460303,500원  l  1주,164460303,10050520,6.11%,"4.00매수  l  8,333","7,980  l  4,745",12.49배  l  387원,12.00배  l  414원,"1.77배  l  2,736원",,7.35배,-1.10%,,,,,,,
오디텍 *,4955.0,5.0,+0.10%,4950.0,4955.0,27875.0,138.0,80513.0,반도체와반도체장비,2022-09-20,오디텍,080520,,,,,,,,,,,,,,,,,582  억원,코스닥 1219위,11746609,500원  l  1주,11746609,350931,2.99%,N/A  l  N/A,"8,950  l  4,900",78.65배  l  63원,N/A  l  N/A,"0.42배  l  11,698원",,7.35배,-1.10%,2.02%,,,,,,
주성엔지니어링 *,13700.0,0.0,0.00%,13700.0,13750.0,311868.0,4321.0,469334.0,반도체와반도체장비,2022-09-20,주성엔지니어링,036930,1062.0,280.0,190.0,26.41,17.89,,,,,,,,,,,,"6,610  억원",코스닥 87위,48249212,500원  l  1주,48249212,5517509,11.44%,"4.00매수  l  22,500","28,400  l  10,650","3.84배  l  3,564원",N/A  l  N/A,"1.61배  l  8,487원",,7.35배,-1.10%,1.13%,,,,,,
하나마이크론 *,11400.0,0.0,0.00%,11350.0,11400.0,292211.0,3360.0,734076.0,반도체와반도체장비,2022-09-20,하나마이크론,067310,2357.0,429.0,,18.2,,,,,,355.0,32.14,,,,,,"5,463  억원",코스닥 108위,47921854,500원  l  1주,47921854,3715685,7.75%,"4.00매수  l  21,600","22,353  l  11,050",14.20배  l  803원,N/A  l  N/A,"1.86배  l  6,131원",,7.35배,-1.10%,,,,,,,
제우스 *,25100.0,0.0,0.00%,25100.0,25150.0,96277.0,2459.0,86777.0,반도체와반도체장비,2022-09-20,제우스,079370,,,,,,,,,,,,,,,,,"2,606  억원",코스닥 303위,10384000,500원  l  1주,10384000,1114622,10.73%,N/A  l  N/A,"32,200  l  18,000",30.39배  l  826원,N/A  l  N/A,"1.01배  l  24,737원",,7.35배,-1.10%,0.40%,,,,,,
엘오티베큠 *,10600.0,0.0,0.00%,10550.0,10600.0,30470.0,323.0,30710.0,반도체와반도체장비,2022-09-20,엘오티베큠,083310,869.0,99.0,,11.39,,,,,,,,,,,,,"1,888  억원",코스닥 434위,17810033,500원  l  1주,17810033,255123,1.43%,"4.00매수  l  15,000","17,600  l  10,450",11.70배  l  906원,N/A  l  N/A,"0.89배  l  11,939원",,7.35배,-1.10%,0.94%,,,,,,
어보브반도체 *,11800.0,0.0,0.00%,11800.0,11850.0,170603.0,2013.0,514237.0,반도체와반도체장비,2022-09-20,어보브반도체,102120,,,,,,,,,,,,,,,,,"2,098  억원",코스닥 390위,17780753,500원  l  1주,17780753,272537,1.53%,N/A  l  N/A,"15,050  l  9,180","8.77배  l  1,346원",N/A  l  N/A,"1.62배  l  7,290원",,7.35배,-1.10%,2.03%,,,,,,
두산테스나 *,25550.0,0.0,0.00%,25500.0,25550.0,86827.0,2222.0,79669.0,반도체와반도체장비,2022-09-20,두산테스나,131970,652.0,168.0,,25.77,,,,,,,,,,,,,"3,771  억원",코스닥 189위,14759577,500원  l  1주,14759577,1048818,7.11%,"4.00매수  l  37,000","52,900  l  25,450","8.53배  l  2,996원",N/A  l  N/A,"1.58배  l  16,144원",,7.35배,-1.10%,0.63%,,,,,,
테라셈 *,96.0,0.0,0.00%,0.0,0.0,0.0,0.0,0.0,반도체와반도체장비,2022-09-20,테라셈,182690,,,,,,,,,,,,,,,,,20  억원,코스닥 1581위,21163148,500원  l  1주,21163148,28375,0.13%,N/A  l  N/A,208  l  96,,N/A  l  N/A,,,8.57배,-1.10%,,N/A  l  -363원,0.11배  l  898원,,,,
엔지스테크널러지 *,2205.0,0.0,0.00%,0.0,0.0,0.0,0.0,0.0,반도체와반도체장비,2022-09-20,엔지스테크널러지,208860,,,,,,,,,,,,,,,,,252  억원,코스닥 1499위,11443863,500원  l  1주,11443863,154724,1.35%,N/A  l  N/A,0  l  0,N/A  l  -682원,N/A  l  N/A,5.15배  l  428원,,7.35배,-1.10%,,,,,,,
바이옵트로 *,6200.0,0.0,0.00%,6200.0,6220.0,41384.0,258.0,111931.0,반도체와반도체장비,2022-09-20,바이옵트로,222160,,,,,,,,,,,,,,,,,505  억원,코스닥 1304위,8143866,500원  l  1주,8143866,64524,0.79%,N/A  l  N/A,"11,950  l  5,440",,N/A  l  N/A,,,7.35배,-1.10%,,,,106.90배  l  58원,"2.04배  l  3,041원",,
씨앤지하이테크 *,11600.0,0.0,0.00%,11550.0,11600.0,1539.0,18.0,7917.0,반도체와반도체장비,2022-09-20,씨앤지하이테크,264660,,,,,,,,,,,,,,,,,984  억원,코스닥 856위,8486542,500원  l  1주,8486542,30422,0.36%,N/A  l  N/A,"16,823  l  10,900",18.07배  l  642원,N/A  l  N/A,"1.21배  l  9,608원",,7.35배,-1.10%,1.28%,,,,,,
시스웍 *,889.0,0.0,0.00%,0.0,0.0,0.0,0.0,0.0,반도체와반도체장비,2022-09-20,시스웍,269620,,,,,,,,,,,,,,,,,965  억원,코스닥 873위,108582089,100원  l  1주,108582089,731429,0.67%,N/A  l  N/A,"2,355  l  784",N/A  l  -309원,N/A  l  N/A,1.91배  l  466원,,7.35배,-1.10%,,,,,,,
오로스테크놀로지 *,12600.0,0.0,0.00%,12550.0,12600.0,12402.0,156.0,17422.0,반도체와반도체장비,2022-09-20,오로스테크놀로지,322310,,,,,,,,,,,,,,,,,"1,180  억원",코스닥 730위,9366542,500원  l  1주,9366542,98527,1.05%,N/A  l  N/A,"35,650  l  12,400","N/A  l  -1,084원",N/A  l  N/A,"1.98배  l  6,375원",,7.35배,-1.10%,,,,,,,
코세스 *,8800.0,10.0,-0.11%,8800.0,8810.0,31125.0,276.0,68662.0,반도체와반도체장비,2022-09-20,코세스,089890,,,,,,,,,,,,,,,,,"1,459  억원",코스닥 595위,16584962,500원  l  1주,16584962,148501,0.90%,N/A  l  N/A,"16,750  l  7,540",11.73배  l  750원,N/A  l  N/A,"2.57배  l  3,422원",,7.35배,-1.10%,,,,,,,
원익QnC *,26750.0,50.0,-0.19%,26750.0,26800.0,343274.0,9307.0,572306.0,반도체와반도체장비,2022-09-20,원익QnC,074600,1846.0,338.0,246.0,18.29,13.3,,,,,1000.0,26.79,,,,,,"7,032  억원",코스닥 76위,26288000,500원  l  1주,26288000,1733071,6.59%,"4.00매수  l  34,400","35,250  l  21,600","10.05배  l  2,661원","9.00배  l  3,004원","2.03배  l  13,173원",,7.35배,-1.10%,0.56%,,,,,,
원익IPS *,26150.0,50.0,-0.19%,26100.0,26150.0,206939.0,5463.0,146537.0,반도체와반도체장비,2022-09-20,원익IPS,240810,3448.0,572.0,460.0,16.59,13.35,,,,,928.0,28.23,,,,,,"1조  2,835  억원",코스닥 31위,49083901,500원  l  1주,49083901,8722258,17.77%,"3.71매수  l  38,143","45,600  l  25,750","14.35배  l  1,822원","10.00배  l  2,532원","1.51배  l  17,287원",,7.35배,-1.10%,1.15%,,,,,,
프로텍 *,23900.0,50.0,-0.21%,23900.0,23950.0,13363.0,323.0,29509.0,반도체와반도체장비,2022-09-20,프로텍,053610,,,,,,,,,,,,,,,,,"2,629  억원",코스닥 295위,11000000,500원  l  1주,11000000,121694,1.11%,N/A  l  N/A,"35,150  l  20,300","5.53배  l  4,319원",N/A  l  N/A,"0.85배  l  27,993원",,7.35배,-1.10%,1.67%,,,,,,
하나머티리얼즈 *,34650.0,100.0,-0.29%,34600.0,34650.0,140456.0,4918.0,365124.0,반도체와반도체장비,2022-09-20,하나머티리얼즈,166090,744.0,218.0,166.0,29.25,22.36,,,,,842.0,41.29,,,,,,"6,844  억원",코스닥 81위,19752674,500원  l  1주,19752674,4797850,24.29%,"3.75매수  l  54,500","66,800  l  33,350","8.92배  l  3,885원","9.00배  l  3,816원","2.46배  l  14,104원",,7.35배,-1.10%,1.73%,,,,,,
알파홀딩스 *,1365.0,5.0,-0.36%,1365.0,1370.0,311448.0,427.0,477206.0,반도체와반도체장비,2022-09-20,알파홀딩스,117670,,,,,,,,,,,,,,,,,367  억원,코스닥 1443위,26917635,500원  l  1주,26917635,579939,2.15%,N/A  l  N/A,"4,180  l  1,300",N/A  l  -702원,N/A  l  N/A,"0.39배  l  3,467원",,7.35배,-1.10%,,,,,,,
테크윙 *,6700.0,30.0,-0.45%,6700.0,6710.0,208859.0,1407.0,198701.0,반도체와반도체장비,2022-09-20,테크윙,089030,841.0,162.0,120.0,19.26,14.21,,,,,296.0,22.76,,,,,,"2,503  억원",코스닥 314위,37353645,500원  l  1주,37353645,1346577,3.60%,"4.00매수  l  10,316","11,847  l  6,380",9.68배  l  692원,N/A  l  N/A,"1.10배  l  6,106원",,7.35배,-1.10%,1.74%,,,,,,
제주반도체 *,4230.0,20.0,-0.47%,4230.0,4235.0,177786.0,757.0,286264.0,반도체와반도체장비,2022-09-20,제주반도체,080220,,,,,,,,,,,,,,,,,"1,457  억원",코스닥 596위,34442833,500원  l  1주,34442833,120189,0.35%,N/A  l  N/A,"7,430  l  3,850",4.27배  l  991원,N/A  l  N/A,"1.02배  l  4,150원",,7.35배,-1.10%,,,,,,,
티에스이 *,53000.0,300.0,-0.56%,52800.0,53000.0,47261.0,2509.0,45472.0,반도체와반도체장비,2022-09-20,티에스이,131290,926.0,230.0,,24.88,,,,,,1754.0,30.39,,,,,,"5,863  억원",코스닥 97위,11061429,500원  l  1주,11061429,1315673,11.89%,"4.00매수  l  86,000","89,000  l  50,400","10.48배  l  5,057원",N/A  l  N/A,"2.00배  l  26,495원",,7.35배,-1.10%,0.94%,,,,,,
레이저쎌 *,8360.0,50.0,-0.59%,8360.0,8380.0,148350.0,1255.0,211807.0,반도체와반도체장비,2022-09-20,레이저쎌,412350,,,,,,,,,,,,,,,,,704  억원,코스닥 1094위,8425772,500원  l  1주,8425772,167612,1.99%,N/A  l  N/A,"23,350  l  8,390",,N/A  l  N/A,,,7.35배,-1.10%,,"N/A  l  -1,445원","1.87배  l  4,468원",,,,
유진테크 *,24750.0,150.0,-0.60%,24750.0,24850.0,97321.0,2441.0,113536.0,반도체와반도체장비,2022-09-20,유진테크,084370,839.0,153.0,155.0,18.19,18.47,,,,,559.0,44.58,,,,,,"5,672  억원",코스닥 101위,22916042,500원  l  1주,22916042,6015908,26.25%,"4.00매수  l  42,333","55,100  l  24,400","8.90배  l  2,782원","10.00배  l  2,476원","1.72배  l  14,368원",,7.35배,-1.10%,1.09%,,,,,,
에이피티씨 *,15250.0,100.0,-0.65%,15250.0,15300.0,53559.0,820.0,33051.0,반도체와반도체장비,2022-09-20,에이피티씨,089970,,,,,,,,,,,,,,,,,"3,657  억원",코스닥 194위,23980595,100원  l  1주,23980595,927350,3.87%,N/A  l  N/A,"25,450  l  14,200","7.83배  l  1,947원",N/A  l  N/A,"2.64배  l  5,769원",,7.35배,-1.10%,7.87%,,,,,,
케이씨텍,14950.0,100.0,-0.66%,14950.0,15000.0,16346.0,246.0,15712.0,반도체와반도체장비,2022-09-20,케이씨텍,281820,786.0,132.0,107.0,16.79,13.61,,,,,513.0,29.34,,,,,,"3,119  억원",코스피 450위,20861556,500원  l  1주,20861556,2168053,10.39%,"4.00매수  l  21,000","26,550  l  14,350","5.61배  l  2,667원",N/A  l  N/A,"0.76배  l  19,702원",,7.35배,-1.10%,1.47%,,,,,,
신성이엔지,2215.0,15.0,-0.67%,2215.0,2220.0,2004851.0,4492.0,2374994.0,반도체와반도체장비,2022-09-20,신성이엔지,011930,,,,,,,,,,,,,,,,,"4,560  억원",코스피 349위,205848151,500원  l  1주,205848151,10300383,5.00%,N/A  l  N/A,"2,790  l  1,630",N/A  l  -13원,N/A  l  N/A,2.33배  l  949원,,7.35배,-1.10%,,,,,,,
텔레칩스 *,14600.0,100.0,-0.68%,14600.0,14650.0,351020.0,5258.0,744020.0,반도체와반도체장비,2022-09-20,텔레칩스,054450,427.0,34.0,32.0,7.96,7.49,,,,,231.0,63.65,,,,,,"2,023  억원",코스닥 413위,13855911,500원  l  1주,13855911,25982,0.19%,"4.00매수  l  23,000","22,950  l  13,050",15.43배  l  946원,N/A  l  N/A,"1.57배  l  9,298원",,7.35배,-1.10%,0.82%,,,,,,
디아이,5600.0,40.0,-0.71%,5600.0,5610.0,25179.0,142.0,60186.0,반도체와반도체장비,2022-09-20,디아이,003160,,,,,,,,,,,,,,,,,"1,764  억원",코스피 627위,31496785,500원  l  1주,31496785,1887611,5.99%,N/A  l  N/A,"10,400  l  5,450",17.23배  l  325원,N/A  l  N/A,"0.99배  l  5,662원",,7.35배,-1.10%,3.57%,,,,,,
엑시콘 *,9780.0,90.0,-0.91%,9780.0,9850.0,9435.0,93.0,27134.0,반도체와반도체장비,2022-09-20,엑시콘,092870,360.0,50.0,,13.89,,,,,,,,,,,,,"1,025  억원",코스닥 822위,10476127,500원  l  1주,10476127,169200,1.62%,N/A  l  N/A,"16,150  l  8,700","9.48배  l  1,032원",N/A  l  N/A,"0.76배  l  12,802원",,7.35배,-1.10%,1.02%,,,,,,
제너셈 *,5390.0,50.0,-0.92%,5380.0,5390.0,55076.0,292.0,18139.0,반도체와반도체장비,2022-09-20,제너셈,217190,,,,,,,,,,,,,,,,,473  억원,코스닥 1341위,8769174,500원  l  1주,8769174,66853,0.76%,N/A  l  N/A,"10,900  l  5,430",6.72배  l  802원,N/A  l  N/A,"1.50배  l  3,601원",,7.35배,-1.10%,,,,,,,
비케이홀딩스 *,520.0,5.0,-0.95%,519.0,520.0,81549.0,42.0,191778.0,반도체와반도체장비,2022-09-20,비케이홀딩스,050090,,,,,,,,,,,,,,,,,412  억원,코스닥 1402위,79138942,500원  l  1주,79138942,560584,0.71%,N/A  l  N/A,"1,290  l  485",N/A  l  -32원,N/A  l  N/A,1.72배  l  303원,,7.35배,-1.10%,,,,,,,
삼성전자,55800.0,600.0,-1.06%,55800.0,55900.0,13856053.0,777968.0,12278653.0,반도체와반도체장비,2022-09-20,삼성전자,005930,792992.0,131846.0,111268.0,16.63,14.03,,,,,1392.0,40.53,,,,,,"333조  1,139  억원",코스피 1위,5969782550,100원  l  1주,5969782550,2954064340,49.48%,"4.00매수  l  79,625","80,800  l  55,500","8.46배  l  6,593원","9.00배  l  6,062원","1.19배  l  46,937원",,7.35배,-1.10%,2.59%,,,,,,
ISC *,37350.0,400.0,-1.06%,37350.0,37400.0,154557.0,5833.0,165808.0,반도체와반도체장비,2022-09-20,ISC,095340,544.0,198.0,151.0,36.31,27.74,,,,,977.0,38.64,,,,,,"6,499  억원",코스닥 89위,17399471,500원  l  1주,17399471,1525916,8.77%,"4.00매수  l  48,500","41,600  l  22,300","13.31배  l  2,807원","11.00배  l  3,287원","2.37배  l  15,740원",,7.35배,-1.10%,0.54%,,,,,,
넥스틴 *,51400.0,600.0,-1.15%,51400.0,51500.0,16419.0,853.0,21129.0,반도체와반도체장비,2022-09-20,넥스틴,348210,378.0,175.0,122.0,46.2,32.39,,,,,1685.0,30.86,,,,,,"5,118  억원",코스닥 117위,9956674,500원  l  1주,9956674,1539658,15.46%,"4.00매수  l  78,333","76,500  l  43,100","16.43배  l  3,129원","12.00배  l  4,205원","6.16배  l  8,343원",,7.35배,-1.10%,0.97%,,,,,,
삼성전자우,51000.0,600.0,-1.16%,51000.0,51200.0,1061281.0,54440.0,1052817.0,반도체와반도체장비,2022-09-20,삼성전자우,005935,792992.0,131846.0,111268.0,16.63,14.03,,,,,1392.0,40.53,,,,,,"41조  9,672  억원",코스피 8위,822886700,100원  l  1주,822886700,590645335,71.78%,"4.00매수  l  79,625","72,900  l  51,500","7.74배  l  6,593원","8.00배  l  6,062원","1.09배  l  46,937원",,7.35배,-1.10%,2.83%,,,,,,
마이크로프랜드 *,4675.0,55.0,-1.16%,4675.0,4755.0,20772.0,97.0,24215.0,반도체와반도체장비,2022-09-20,마이크로프랜드,147760,,,,,,,,,,,,,,,,,506  억원,코스닥 1302위,10819866,500원  l  1주,10819866,164482,1.52%,N/A  l  N/A,"9,140  l  4,000",111.31배  l  42원,N/A  l  N/A,"0.93배  l  5,003원",,7.35배,-1.10%,,,,,,,
네오셈 *,3535.0,45.0,-1.26%,3535.0,3550.0,90465.0,322.0,190871.0,반도체와반도체장비,2022-09-20,네오셈,253590,,,,,,,,,,,,,,,,,"1,359  억원",코스닥 649위,38454626,100원  l  1주,38454626,0,0.00%,"4.00매수  l  4,290","5,060  l  2,590",14.49배  l  244원,N/A  l  N/A,"2.34배  l  1,508원",,7.35배,-1.10%,0.42%,,,,,,
SK스퀘어,40200.0,600.0,-1.47%,40200.0,40250.0,350921.0,14193.0,249965.0,반도체와반도체장비,2022-09-20,SK스퀘어,402340,14150.0,4140.0,3940.0,29.26,27.84,,,,,2778.0,14.69,,,,,,"5조  6,870  억원",코스피 55위,141467571,100원  l  1주,141467571,58402170,41.28%,"4.00매수  l  58,000","85,000  l  37,750",,N/A  l  N/A,,,7.35배,-1.10%,,"2.49배  l  16,134원","0.32배  l  124,052원",,,,
DB하이텍1우,74400.0,1200.0,-1.59%,74400.0,74500.0,221.0,16.0,57.0,반도체와반도체장비,2022-09-20,DB하이텍1우,000995,4414.0,2108.0,,47.74,,,,,,,,,,,,,84  억원,코스피 1595위,112316,"5,000원  l  1주",112316,1199,1.07%,"4.00매수  l  73,500","115,500  l  71,000","6.25배  l  11,900원",N/A  l  N/A,"2.30배  l  32,366원",,7.35배,-1.10%,0.67%,,,,,,
피에스엠씨 *,1090.0,20.0,-1.80%,1090.0,1095.0,31028.0,34.0,66921.0,반도체와반도체장비,2022-09-20,피에스엠씨,024850,,,,,,,,,,,,,,,,,442  억원,코스닥 1371위,40573626,500원  l  1주,40573626,1192083,2.94%,N/A  l  N/A,"1,890  l  924",N/A  l  -7원,N/A  l  N/A,2.81배  l  388원,,7.35배,-1.10%,,,,,,,
예스티 *,9700.0,200.0,-2.02%,9700.0,9710.0,72308.0,697.0,94172.0,반도체와반도체장비,2022-09-20,예스티,122640,,,,,,,,,,,,,,,,,"1,702  억원",코스닥 491위,17544703,500원  l  1주,17544703,201938,1.15%,N/A  l  N/A,"14,600  l  5,960",34.28배  l  283원,N/A  l  N/A,"1.71배  l  5,676원",,7.35배,-1.10%,,,,,,,
DB하이텍,41100.0,850.0,-2.03%,41100.0,41150.0,513274.0,21341.0,482797.0,반도체와반도체장비,2022-09-20,DB하이텍,000990,4414.0,2108.0,,47.74,,,,,,,,,,,,,"1조  8,248  억원",코스피 151위,44398588,"5,000원  l  1주",44398588,11272055,25.39%,"4.00매수  l  73,500","85,400  l  40,200","3.45배  l  11,900원",N/A  l  N/A,"1.27배  l  32,366원",,7.35배,-1.10%,1.10%,,,,,,
SK하이닉스,88000.0,2000.0,-2.22%,87900.0,88000.0,4229633.0,374429.0,2078633.0,반도체와반도체장비,2022-09-20,SK하이닉스,000660,126482.0,27098.0,20882.0,21.42,16.51,,,,,2585.0,34.82,,,,,,64조  642  억원,코스피 3위,728002365,"5,000원  l  1주",728002365,366257875,50.31%,"3.90매수  l  127,619","134,000  l  86,300","5.58배  l  15,766원","8.00배  l  11,714원","0.91배  l  97,019원",,7.35배,-1.10%,1.75%,,,,,,
램테크놀러지 *,6480.0,150.0,-2.26%,6480.0,6520.0,61838.0,404.0,62326.0,반도체와반도체장비,2022-09-20,램테크놀러지,171010,,,,,,,,,,,,,,,,,897  억원,코스닥 914위,13836057,500원  l  1주,13836057,75722,0.55%,N/A  l  N/A,"13,250  l  5,600",17.95배  l  361원,N/A  l  N/A,"1.80배  l  3,593원",,7.35배,-1.10%,,,,,,,
지앤비에스엔지니어링 *,14700.0,350.0,-2.33%,14700.0,14750.0,54593.0,809.0,144160.0,반도체와반도체장비,2022-09-20,지앤비에스엔지니어링,382800,,,,,,,,,,,,,,,,,"1,057  억원",코스닥 805위,7190618,500원  l  1주,7190618,188778,2.63%,N/A  l  N/A,"31,200  l  10,700",,N/A  l  N/A,,,7.35배,-1.10%,,"8.51배  l  1,728원","1.71배  l  8,600원",,,,
영창케미칼 *,12000.0,300.0,-2.44%,11950.0,12000.0,125407.0,1520.0,133451.0,반도체와반도체장비,2022-09-20,영창케미칼,112290,,,,,,,,,,,,,,,,,"1,213  억원",코스닥 711위,10110545,"1,000원  l  1주",10110545,27289,0.27%,N/A  l  N/A,"18,750  l  11,500",,N/A  l  N/A,,,7.35배,-1.10%,,N/A  l  -102원,"3.37배  l  3,564원",,,,
엔투텍 *,1020.0,30.0,-2.86%,1020.0,1025.0,1513285.0,1580.0,778066.0,반도체와반도체장비,2022-09-20,엔투텍,227950,,,,,,,,,,,,,,,,,934  억원,코스닥 888위,91571575,100원  l  1주,91571575,649439,0.71%,N/A  l  N/A,"2,120  l  896",,N/A  l  N/A,,,7.35배,-1.10%,,,,N/A  l  -392원,1.07배  l  952원,,
솔브레인 *,197500.0,6000.0,-2.95%,197300.0,197500.0,37710.0,7495.0,16701.0,반도체와반도체장비,2022-09-20,솔브레인,357780,2788.0,562.0,475.0,20.15,17.04,,,,,5348.0,38.05,,,,,,"1조  5,363  억원",코스닥 23위,7778566,500원  l  1주,7778566,2180648,28.03%,"4.00매수  l  312,000","303,800  l  201,700","8.88배  l  22,245원","9.00배  l  22,513원","2.13배  l  92,563원",,7.35배,-1.10%,0.99%,,,,,,
리노공업 *,132300.0,5700.0,-4.13%,132200.0,132300.0,50873.0,6823.0,48602.0,반도체와반도체장비,2022-09-20,리노공업,058470,886.0,369.0,312.0,41.62,35.14,,,,,2044.0,67.53,,,,,,2조  166  억원,코스닥 13위,15242370,500원  l  1주,15242370,6839710,44.87%,"4.00매수  l  180,000","216,100  l  123,700","17.14배  l  7,719원","17.00배  l  7,656원","4.49배  l  29,473원",,7.35배,-1.10%,1.89%,,,,,,
엘브이엠씨홀딩스,2805.0,40.0,+1.45%,2800.0,2805.0,76829.0,214.0,92616.0,자동차,2022-09-20,엘브이엠씨홀딩스,900140,,,,,,,,,,,,,,,,,"2,790  억원",코스피 477위,99455297,0.25 USD  l  1주,99455297,16496209,16.59%,N/A  l  N/A,"3,890  l  2,625",N/A  l  -129원,N/A  l  N/A,"0.61배  l  4,583원",,6.75배,-1.02%,,,,,,,
KR모터스,573.0,2.0,+0.35%,572.0,573.0,239050.0,137.0,458039.0,자동차,2022-09-20,KR모터스,000040,,,,,,,,,,,,,,,,,551  억원,코스피 1001위,96138465,500원  l  1주,96138465,43476348,45.22%,N/A  l  N/A,"1,120  l  550",N/A  l  -84원,N/A  l  N/A,1.61배  l  357원,,6.75배,-1.02%,,,,,,,
쌍용차,2770.0,0.0,0.00%,0.0,0.0,0.0,0.0,0.0,자동차,2022-09-20,쌍용차,003620,,,,,,,,,,,,,,,,,"4,151  억원",코스피 367위,149840002,"5,000원  l  1주",149840002,114748963,76.58%,N/A  l  N/A,0  l  0,N/A  l  -719원,N/A  l  N/A,N/A  l  -741원,,6.75배,-1.02%,,,,,,,
스마트솔루션즈 *,11600.0,0.0,0.00%,0.0,0.0,0.0,0.0,0.0,자동차,2022-09-20,스마트솔루션즈,136510,,,,,,,,,,,,,,,,,"3,353  억원",코스닥 220위,28903180,500원  l  1주,28903180,157407,0.54%,N/A  l  N/A,"82,400  l  6,414",N/A  l  -858원,N/A  l  N/A,14.76배  l  786원,,6.75배,-1.02%,,,,,,,
기아,80400.0,400.0,-0.50%,80400.0,80500.0,691533.0,55807.0,676114.0,자동차,2022-09-20,기아,000270,218771.0,21248.0,17020.0,9.71,7.78,,,,,4433.0,18.23,,,,,,"32조  5,912  억원",코스피 10위,405363347,"5,000원  l  1주",405363347,150050768,37.02%,"4.00매수  l  119,188","89,400  l  68,100","6.15배  l  13,066원","5.00배  l  16,040원","0.85배  l  94,603원",,6.75배,-1.02%,3.73%,,,,,,
현대차우,92000.0,600.0,-0.65%,92000.0,92300.0,13587.0,1254.0,24574.0,자동차,2022-09-20,현대차우,005385,344744.0,27263.0,22429.0,7.91,6.51,,,,,8161.0,24.69,,,,,,"2조  2,408  억원",코스피 122위,24356685,"5,000원  l  1주",24356685,14032467,57.61%,"4.00매수  l  265,556","103,000  l  81,300","4.08배  l  22,538원","3.00배  l  31,247원","0.29배  l  312,476원",,6.75배,-1.02%,5.49%,,,,,,
현대차3우B,88500.0,700.0,-0.78%,88500.0,88700.0,2960.0,262.0,5517.0,자동차,2022-09-20,현대차3우B,005389,344744.0,27263.0,22429.0,7.91,6.51,,,,,8161.0,24.69,,,,,,"2,149  억원",코스피 567위,2428735,"5,000원  l  1주",2428735,516221,21.25%,"4.00매수  l  265,556","97,600  l  79,800","3.93배  l  22,538원","3.00배  l  31,247원","0.28배  l  312,476원",,6.75배,-1.02%,5.71%,,,,,,
현대차2우B,92000.0,800.0,-0.86%,92000.0,92500.0,36762.0,3406.0,29129.0,자동차,2022-09-20,현대차2우B,005387,344744.0,27263.0,22429.0,7.91,6.51,,,,,8161.0,24.69,,,,,,"3조  3,567  억원",코스피 87위,36485451,"5,000원  l  1주",36485451,21894494,60.01%,"4.00매수  l  265,556","105,500  l  81,500","4.08배  l  22,538원","3.00배  l  31,247원","0.29배  l  312,476원",,6.75배,-1.02%,5.54%,,,,,,
현대차,198500.0,3000.0,-1.49%,198500.0,199000.0,690461.0,137948.0,693456.0,자동차,2022-09-20,현대차,005380,344744.0,27263.0,22429.0,7.91,6.51,,,,,8161.0,24.69,,,,,,"42조  4,131  억원",코스피 7위,213668187,"5,000원  l  1주",213668187,61852485,28.95%,"4.00매수  l  265,556","220,000  l  162,000","8.81배  l  22,538원","6.00배  l  31,247원","0.64배  l  312,476원",,6.75배,-1.02%,2.52%,,,,,,
YTN *,5820.0,1340.0,+29.91%,5820.0,0.0,11327909.0,58435.0,18007447.0,방송과엔터테인먼트,2022-09-20,YTN,040300,,,,,,,,,,,,,,,,,"2,444  억원",코스닥 328위,42000000,"1,000원  l  1주",4200000,136557,3.25%,N/A  l  N/A,"4,885  l  2,720","4.49배  l  1,296원",N/A  l  N/A,"1.00배  l  5,834원",,31.95배,+1.39%,0.86%,,,,,,
한국경제TV *,7310.0,870.0,+13.51%,7310.0,7320.0,10706074.0,80433.0,1939678.0,방송과엔터테인먼트,2022-09-20,한국경제TV,039340,,,,,,,,,,,,,,,,,"1,681  억원",코스닥 500위,23000000,500원  l  1주,11270000,756618,6.71%,N/A  l  N/A,"7,640  l  5,500",8.93배  l  819원,N/A  l  N/A,"0.97배  l  7,554원",,31.95배,+1.39%,2.74%,,,,,,
큐브엔터 *,16400.0,950.0,+6.15%,16350.0,16400.0,318083.0,5101.0,86352.0,방송과엔터테인먼트,2022-09-20,큐브엔터,182360,,,,,,,,,,,,,,,,,"2,264  억원",코스닥 357위,13804687,500원  l  1주,13804687,139946,1.01%,N/A  l  N/A,"29,800  l  11,500",N/A  l  -124원,N/A  l  N/A,"6.46배  l  2,539원",,31.95배,+1.39%,,,,,,,
iMBC *,3255.0,165.0,+5.34%,3255.0,3260.0,4230342.0,14257.0,1257502.0,방송과엔터테인먼트,2022-09-20,iMBC,052220,,,,,,,,,,,,,,,,,749  억원,코스닥 1044위,23000000,500원  l  1주,23000000,245192,1.07%,N/A  l  N/A,"6,030  l  2,800",57.11배  l  57원,N/A  l  N/A,"1.36배  l  2,397원",,31.95배,+1.39%,,,,,,,
에스엠 *,77000.0,3700.0,+5.05%,77000.0,77100.0,1777395.0,136063.0,1281848.0,방송과엔터테인먼트,2022-09-20,에스엠,041510,2116.0,249.0,196.0,11.76,9.26,,,,,738.0,99.34,,,,,,"1조  8,322  억원",코스닥 16위,23794401,500원  l  1주,23794401,3114884,13.09%,"4.00매수  l  98,375","90,000  l  54,500","11.31배  l  6,806원","23.00배  l  3,347원","2.74배  l  28,075원",,31.95배,+1.39%,0.26%,,,,,,
팬엔터테인먼트 *,3610.0,155.0,+4.49%,3590.0,3610.0,288378.0,1043.0,122408.0,방송과엔터테인먼트,2022-09-20,팬엔터테인먼트,068050,,,,,,,,,,,,,,,,,"1,000  억원",코스닥 843위,27694076,500원  l  1주,27694076,262186,0.95%,N/A  l  N/A,"7,590  l  2,850",42.98배  l  84원,N/A  l  N/A,"1.33배  l  2,709원",,31.95배,+1.39%,,,,,,,
대원미디어 *,14050.0,500.0,+3.69%,14000.0,14050.0,32999.0,459.0,57079.0,방송과엔터테인먼트,2022-09-20,대원미디어,048910,689.0,49.0,,7.11,,,,,,262.0,51.65,,,,,,"1,767  억원",코스닥 466위,12578946,500원  l  1주,12578946,376241,2.99%,"4.00매수  l  23,000","50,700  l  10,300",19.04배  l  738원,N/A  l  N/A,"1.73배  l  8,103원",,31.95배,+1.39%,,,,,,,
LG헬로비전,5150.0,160.0,+3.21%,5150.0,5160.0,902560.0,4703.0,342007.0,방송과엔터테인먼트,2022-09-20,LG헬로비전,037560,2794.0,136.0,,4.88,,,,,,110.0,45.47,,,,,,"3,989  억원",코스피 376위,77446865,"2,500원  l  1주",37948964,3248970,8.56%,"3.17중립  l  6,717","8,030  l  4,285",12.72배  l  405원,11.00배  l  460원,"0.60배  l  8,530원",,31.95배,+1.39%,2.14%,,,,,,
IHQ,580.0,18.0,+3.20%,579.0,580.0,396382.0,228.0,631988.0,방송과엔터테인먼트,2022-09-20,IHQ,003560,,,,,,,,,,,,,,,,,"1,006  억원",코스피 809위,173527645,500원  l  1주,173527645,2886227,1.66%,N/A  l  N/A,"1,935  l  561",N/A  l  -136원,N/A  l  N/A,0.77배  l  752원,,31.95배,+1.39%,,,,,,,
위지윅스튜디오 *,22300.0,550.0,+2.53%,22250.0,22300.0,164779.0,3672.0,243250.0,방송과엔터테인먼트,2022-09-20,위지윅스튜디오,299900,493.0,65.0,68.0,13.18,13.79,,,,,84.0,258.36,,,,,,"9,536  억원",코스닥 52위,42762221,500원  l  1주,42762221,1802544,4.22%,"4.00매수  l  31,000","52,600  l  15,900",N/A  l  -483원,N/A  l  N/A,"5.40배  l  4,133원",,31.95배,+1.39%,,,,,,,
NEW *,6770.0,150.0,+2.27%,6750.0,6770.0,52697.0,355.0,110233.0,방송과엔터테인먼트,2022-09-20,NEW,160550,,,,,,,,,,,,,,,,,"1,889  억원",코스닥 433위,27906106,500원  l  1주,27906106,2180123,7.81%,N/A  l  N/A,"20,300  l  5,850",N/A  l  -682원,N/A  l  N/A,"1.43배  l  4,746원",,31.95배,+1.39%,,,,,,,
키이스트 *,7910.0,170.0,+2.20%,7910.0,7930.0,19432.0,153.0,49061.0,방송과엔터테인먼트,2022-09-20,키이스트,054780,,,,,,,,,,,,,,,,,"1,546  억원",코스닥 558위,19547793,500원  l  1주,19547793,1523977,7.80%,N/A  l  N/A,"17,450  l  6,420",143.82배  l  55원,N/A  l  N/A,"2.28배  l  3,475원",,31.95배,+1.39%,,,,,,,
애니플러스 *,2455.0,50.0,+2.08%,2455.0,2460.0,79165.0,194.0,105106.0,방송과엔터테인먼트,2022-09-20,애니플러스,310200,134.0,36.0,32.0,27.15,23.82,,,,,,,,,,,,853  억원,코스닥 951위,34738898,100원  l  1주,34738898,779367,2.24%,N/A  l  N/A,"7,020  l  2,360",5.23배  l  469원,N/A  l  N/A,"1.67배  l  1,474원",,31.95배,+1.39%,,,,,,,
덱스터 *,12800.0,250.0,+1.99%,12800.0,12850.0,128621.0,1655.0,210252.0,방송과엔터테인먼트,2022-09-20,덱스터,206560,197.0,19.0,16.0,9.64,8.12,,,,,63.0,199.31,,,,,,"3,253  억원",코스닥 223위,25410336,500원  l  1주,25410336,169499,0.67%,"4.00매수  l  18,000","53,000  l  11,500",N/A  l  -343원,N/A  l  N/A,"6.27배  l  2,040원",,31.95배,+1.39%,,,,,,,
삼화네트웍스 *,3055.0,55.0,+1.83%,3050.0,3055.0,182002.0,556.0,353147.0,방송과엔터테인먼트,2022-09-20,삼화네트웍스,046390,,,,,,,,,,,,,,,,,"1,319  억원",코스닥 665위,43172933,200원  l  1주,43172933,1458606,3.38%,N/A  l  N/A,"5,920  l  2,575",8.51배  l  359원,N/A  l  N/A,"2.32배  l  1,317원",,31.95배,+1.39%,,,,,,,
티비씨 *,1225.0,20.0,+1.66%,1225.0,1230.0,434820.0,530.0,845779.0,방송과엔터테인먼트,2022-09-20,티비씨,033830,,,,,,,,,,,,,,,,,"1,225  억원",코스닥 702위,100000000,500원  l  1주,0,0,0.00%,N/A  l  N/A,"3,155  l  891",24.02배  l  51원,N/A  l  N/A,"0.98배  l  1,246원",,31.95배,+1.39%,1.06%,,,,,,
JYP Ent. *,62300.0,1000.0,+1.63%,62200.0,62300.0,230792.0,14277.0,476046.0,방송과엔터테인먼트,2022-09-20,JYP Ent.,035900,844.0,273.0,220.0,32.4,26.02,,,,,578.0,106.15,,,,,,"2조  2,115  억원",코스닥 10위,35497492,500원  l  1주,35497492,10181504,28.68%,"4.00매수  l  77,794","66,200  l  37,600","26.80배  l  2,325원","31.00배  l  2,034원","7.76배  l  8,027원",,31.95배,+1.39%,0.59%,,,,,,
아이오케이 *,598.0,9.0,+1.53%,597.0,598.0,256969.0,153.0,543210.0,방송과엔터테인먼트,2022-09-20,아이오케이,078860,,,,,,,,,,,,,,,,,575  억원,코스닥 1227위,96126472,500원  l  1주,96126472,1338209,1.39%,N/A  l  N/A,"2,520  l  587",N/A  l  -425원,N/A  l  N/A,"0.41배  l  1,463원",,31.95배,+1.39%,,,,,,,
초록뱀미디어 *,14000.0,200.0,+1.45%,13950.0,14000.0,36370.0,507.0,97318.0,방송과엔터테인먼트,2022-09-20,초록뱀미디어,047820,,,,,,,,,,,,,,,,,"3,040  억원",코스닥 239위,21712702,"5,000원  l  1주",21712702,0,0.00%,N/A  l  N/A,"42,700  l  13,450",N/A  l  -46원,N/A  l  N/A,"1.18배  l  11,903원",,31.95배,+1.39%,,,,,,,
SBS,36800.0,500.0,+1.38%,36800.0,36950.0,31019.0,1145.0,43390.0,방송과엔터테인먼트,2022-09-20,SBS,034120,2600.0,466.0,,17.93,,,,,,1879.0,19.32,,,,,,"6,717  억원",코스피 285위,18252582,"5,000원  l  1주",0,0,0.00%,"4.00매수  l  62,200","61,500  l  36,050","4.74배  l  7,758원","4.00배  l  9,545원","0.89배  l  41,353원",,31.95배,+1.39%,2.72%,,,,,,
CJ CGV,18550.0,250.0,+1.37%,18500.0,18550.0,99728.0,1846.0,154836.0,방송과엔터테인먼트,2022-09-20,CJ CGV,079160,3653.0,241.0,,6.59,,,,,,-147.0,-124.81,,,,,,"8,850  억원",코스피 235위,47707887,500원  l  1주,47707887,2437663,5.11%,"3.75매수  l  28,125","33,700  l  18,200","N/A  l  -6,721원","-6.00배  l  -3,226원","17.35배  l  1,069원",,31.95배,+1.39%,,,,,,,
스카이라이프,8490.0,110.0,+1.31%,8490.0,8530.0,38303.0,326.0,66016.0,방송과엔터테인먼트,2022-09-20,스카이라이프,053210,2545.0,162.0,102.0,6.38,3.99,,,,,261.0,32.06,,,,,,"4,060  억원",코스피 371위,47821966,"2,500원  l  1주",23432763,5696363,24.31%,"4.00매수  l  13,000","10,600  l  7,780","7.13배  l  1,190원","6.00배  l  1,328원","0.49배  l  17,208원",,31.95배,+1.39%,4.12%,,,,,,
SM Life Design *,2475.0,30.0,+1.23%,2475.0,2480.0,5822271.0,14741.0,2359279.0,방송과엔터테인먼트,2022-09-20,SM Life Design,063440,,,,,,,,,,,,,,,,,"1,132  억원",코스닥 750위,45729154,500원  l  1주,45729154,62842,0.14%,N/A  l  N/A,"3,910  l  1,820",N/A  l  -27원,N/A  l  N/A,"2.30배  l  1,077원",,31.95배,+1.39%,,,,,,,
YG PLUS,5420.0,60.0,+1.12%,5400.0,5420.0,311533.0,1680.0,488753.0,방송과엔터테인먼트,2022-09-20,YG PLUS,037270,,,,,,,,,,,,,,,,,"3,438  억원",코스피 424위,63429410,500원  l  1주,63429410,524966,0.83%,N/A  l  N/A,"10,950  l  4,260",13.97배  l  388원,N/A  l  N/A,"2.50배  l  2,170원",,31.95배,+1.39%,,,,,,,
티와이홀딩스우,14350.0,150.0,+1.06%,14350.0,14500.0,511.0,7.0,2058.0,방송과엔터테인먼트,2022-09-20,티와이홀딩스우,36328K,810.0,10.0,306.0,1.23,37.78,,,,,586.0,25.07,,,,,,180  억원,코스피 1310위,1255338,500원  l  1주,1255338,2168,0.17%,"4.00매수  l  25,000","25,400  l  14,200","5.83배  l  2,461원",N/A  l  N/A,"0.36배  l  39,323원",,31.95배,+1.39%,,,,,,,
판타지오 *,596.0,6.0,+1.02%,596.0,597.0,301715.0,179.0,417434.0,방송과엔터테인먼트,2022-09-20,판타지오,032800,,,,,,,,,,,,,,,,,572  억원,코스닥 1230위,96046170,100원  l  1주,96046170,618088,0.64%,N/A  l  N/A,"1,114  l  570",N/A  l  -104원,N/A  l  N/A,1.45배  l  411원,,34.93배,+1.39%,,,,,,,
알비더블유 *,15850.0,150.0,+0.96%,15850.0,16000.0,19860.0,318.0,46598.0,방송과엔터테인먼트,2022-09-20,알비더블유,361570,,,,,,,,,,,,,,,,,"1,519  억원",코스닥 575위,9582193,500원  l  1주,9582193,61296,0.64%,N/A  l  N/A,"55,600  l  12,500",,N/A  l  N/A,,,31.95배,+1.39%,,"15.82배  l  1,002원","2.60배  l  6,085원",,,,
스튜디오드래곤 *,70400.0,600.0,+0.86%,70300.0,70400.0,35281.0,2479.0,64258.0,방송과엔터테인먼트,2022-09-20,스튜디오드래곤,253450,1583.0,212.0,170.0,13.38,10.77,,,,,577.0,120.96,,,,,,"2조  1,130  억원",코스닥 11위,30014185,500원  l  1주,30014185,3328077,11.09%,"4.00매수  l  109,500","98,900  l  63,200","38.26배  l  1,840원","30.00배  l  2,361원","3.13배  l  22,458원",,31.95배,+1.39%,,,,,,,
NHN벅스 *,7340.0,60.0,+0.82%,7340.0,7370.0,335540.0,2576.0,102469.0,방송과엔터테인먼트,2022-09-20,NHN벅스,104200,,,,,,,,,,,,,,,,,"1,088  억원",코스닥 786위,14827550,500원  l  1주,14827550,355520,2.40%,N/A  l  N/A,"27,350  l  4,965",56.03배  l  131원,N/A  l  N/A,"1.34배  l  5,482원",,31.95배,+1.39%,,,,,,,
KNN *,995.0,8.0,+0.81%,995.0,996.0,738399.0,737.0,1643280.0,방송과엔터테인먼트,2022-09-20,KNN,058400,,,,,,,,,,,,,,,,,"1,318  억원",코스닥 666위,132429720,500원  l  1주,0,0,0.00%,N/A  l  N/A,"1,795  l  919",14.63배  l  68원,N/A  l  N/A,"0.64배  l  1,549원",,31.95배,+1.39%,2.01%,,,,,,
바른손이앤에이 *,1005.0,7.0,+0.70%,1005.0,1010.0,87538.0,88.0,309771.0,방송과엔터테인먼트,2022-09-20,바른손이앤에이,035620,,,,,,,,,,,,,,,,,748  억원,코스닥 1045위,74439675,500원  l  1주,74439675,1075874,1.45%,N/A  l  N/A,"2,295  l  993",N/A  l  -6원,N/A  l  N/A,"0.75배  l  1,337원",,31.95배,+1.39%,,,,,,,
CJ ENM *,87700.0,600.0,+0.69%,87700.0,87800.0,61527.0,5392.0,98572.0,방송과엔터테인먼트,2022-09-20,CJ ENM,035760,11520.0,705.0,468.0,6.12,4.06,,,,,2479.0,35.13,,,,,,"1조  9,232  억원",코스닥 14위,21929154,"5,000원  l  1주",10745285,4210100,39.18%,"3.93매수  l  142,267","191,600  l  87,100","27.13배  l  3,232원","22.00배  l  4,050원","0.51배  l  170,633원",,31.95배,+1.39%,2.39%,,,,,,
지니뮤직 *,4005.0,20.0,+0.50%,4005.0,4015.0,43566.0,175.0,116707.0,방송과엔터테인먼트,2022-09-20,지니뮤직,043610,,,,,,,,,,,,,,,,,"2,328  억원",코스닥 340위,58115438,500원  l  1주,58115438,496710,0.85%,N/A  l  N/A,"6,840  l  3,310",111.25배  l  36원,N/A  l  N/A,"1.55배  l  2,592원",,31.95배,+1.39%,,,,,,,
드림어스컴퍼니 *,3115.0,15.0,+0.48%,3100.0,3115.0,22923.0,71.0,23008.0,방송과엔터테인먼트,2022-09-20,드림어스컴퍼니,060570,,,,,,,,,,,,,,,,,"1,771  억원",코스닥 463위,56859847,500원  l  1주,56859847,1995693,3.51%,N/A  l  N/A,"6,440  l  3,000",6.28배  l  496원,N/A  l  N/A,"1.88배  l  1,661원",,31.95배,+1.39%,,,,,,,
SBS콘텐츠허브 *,6570.0,30.0,+0.46%,6540.0,6570.0,26834.0,178.0,39160.0,방송과엔터테인먼트,2022-09-20,SBS콘텐츠허브,046140,,,,,,,,,,,,,,,,,"1,410  억원",코스닥 622위,21463555,500원  l  1주,10517142,152083,1.45%,N/A  l  N/A,"9,250  l  5,590",9.39배  l  700원,N/A  l  N/A,"0.75배  l  8,730원",,31.95배,+1.39%,1.14%,,,,,,
에프엔씨엔터 *,5270.0,20.0,+0.38%,5190.0,5270.0,4512.0,24.0,735.0,방송과엔터테인먼트,2022-09-20,에프엔씨엔터,173940,,,,,,,,,,,,,,,,,801  억원,코스닥 1000위,15208397,500원  l  1주,15208397,72168,0.47%,N/A  l  N/A,"11,400  l  5,130",N/A  l  -425원,N/A  l  N/A,"1.37배  l  3,842원",,31.95배,+1.39%,,,,,,,
포바이포 *,15850.0,50.0,+0.32%,15800.0,15850.0,125734.0,2006.0,214196.0,방송과엔터테인먼트,2022-09-20,포바이포,389140,,,,,,,,,,,,,,,,,"1,621  억원",코스닥 520위,10224235,500원  l  1주,10224235,32088,0.31%,N/A  l  N/A,"54,800  l  15,700",,N/A  l  N/A,,,31.95배,+1.39%,,27.47배  l  577원,"2.45배  l  6,466원",,,,
스카이이앤엠 *,3105.0,10.0,+0.32%,3105.0,3110.0,5740.0,18.0,26631.0,방송과엔터테인먼트,2022-09-20,스카이이앤엠,131100,,,,,,,,,,,,,,,,,833  억원,코스닥 975위,26833204,500원  l  1주,26833204,0,0.00%,N/A  l  N/A,"7,200  l  2,465",,N/A  l  N/A,,,31.95배,+1.39%,,,,"N/A  l  -1,245원","1.08배  l  2,877원",,
KX *,7000.0,20.0,+0.29%,6990.0,7000.0,21857.0,152.0,37681.0,방송과엔터테인먼트,2022-09-20,KX,122450,,,,,,,,,,,,,,,,,"3,174  억원",코스닥 228위,45335964,500원  l  1주,22214622,309585,1.39%,N/A  l  N/A,"10,150  l  6,540",11.01배  l  636원,N/A  l  N/A,"1.27배  l  5,521원",,31.95배,+1.39%,,,,,,,
래몽래인 *,19850.0,50.0,+0.25%,19850.0,19900.0,20145.0,404.0,37872.0,방송과엔터테인먼트,2022-09-20,래몽래인,200350,,,,,,,,,,,,,,,,,"1,242  억원",코스닥 692위,6258519,500원  l  1주,6258519,13391,0.21%,N/A  l  N/A,"30,000  l  13,600",140.78배  l  141원,N/A  l  N/A,"2.84배  l  6,996원",,31.95배,+1.39%,,,,,,,
쇼박스 *,4850.0,5.0,+0.10%,4845.0,4850.0,423907.0,2079.0,504644.0,방송과엔터테인먼트,2022-09-20,쇼박스,086980,,,,,,,,,,,,,,,,,"3,038  억원",코스닥 240위,62638000,500원  l  1주,62638000,640914,1.02%,N/A  l  N/A,"7,960  l  4,175",151.56배  l  32원,N/A  l  N/A,"2.23배  l  2,172원",,31.95배,+1.39%,,,,,,,
갤럭시아에스엠,1950.0,0.0,0.00%,1950.0,1955.0,191264.0,376.0,373826.0,방송과엔터테인먼트,2022-09-20,갤럭시아에스엠,011420,,,,,,,,,,,,,,,,,537  억원,코스피 1013위,27549644,500원  l  1주,27549644,14574,0.05%,N/A  l  N/A,"3,775  l  1,475",10.48배  l  186원,N/A  l  N/A,"1.62배  l  1,206원",,31.95배,+1.39%,,,,,,,
아센디오,1095.0,0.0,0.00%,1095.0,1100.0,107270.0,117.0,238625.0,방송과엔터테인먼트,2022-09-20,아센디오,012170,,,,,,,,,,,,,,,,,882  억원,코스피 864위,80509196,500원  l  1주,80509196,0,0.00%,N/A  l  N/A,"3,450  l  1,005",N/A  l  -111원,N/A  l  N/A,2.11배  l  519원,,31.95배,+1.39%,,,,,,,
하이브,157500.0,0.0,0.00%,157500.0,158000.0,116279.0,18431.0,293981.0,방송과엔터테인먼트,2022-09-20,하이브,352820,4069.0,594.0,484.0,14.61,11.89,,,,,1243.0,126.71,,,,,,"6조  5,132  억원",코스피 50위,41353387,500원  l  1주,41353387,6378345,15.42%,"4.00매수  l  255,048","421,500  l  138,000","27.75배  l  5,675원","31.00배  l  5,096원","2.09배  l  75,283원",,31.95배,+1.39%,,,,,,,
아리온 *,275.0,0.0,0.00%,0.0,0.0,0.0,0.0,0.0,방송과엔터테인먼트,2022-09-20,아리온,058220,,,,,,,,,,,,,,,,,107  억원,코스닥 1548위,38974244,500원  l  1주,38974244,1156555,2.97%,N/A  l  N/A,0  l  0,,N/A  l  N/A,,,31.95배,+1.39%,,,,,,"N/A  l  -18,072원","N/A  l  -8,399원"
제이웨이 *,2160.0,0.0,0.00%,0.0,0.0,0.0,0.0,0.0,방송과엔터테인먼트,2022-09-20,제이웨이,058420,,,,,,,,,,,,,,,,,78  억원,코스닥 1569위,3610839,500원  l  1주,3610839,0,0.00%,N/A  l  N/A,0  l  0,"N/A  l  -1,432원",N/A  l  N/A,"N/A  l  -1,040원",,31.95배,+1.39%,,,,,,,
에이스토리 *,22600.0,0.0,0.00%,22600.0,22650.0,65991.0,1490.0,112079.0,방송과엔터테인먼트,2022-09-20,에이스토리,241840,,,,,,,,,,,,,,,,,"2,156  억원",코스닥 379위,9539994,500원  l  1주,9539994,112210,1.18%,N/A  l  N/A,"50,300  l  16,050","17.19배  l  1,315원",N/A  l  N/A,"3.45배  l  6,543원",,31.95배,+1.39%,,,,,,,
레드로버 *,1830.0,0.0,0.00%,0.0,0.0,0.0,0.0,0.0,방송과엔터테인먼트,2022-09-20,레드로버,060300,,,,,,,,,,,,,,,,,535  억원,코스닥 1265위,29231297,500원  l  1주,29231297,1276530,4.37%,N/A  l  N/A,0  l  0,N/A  l  -581원,N/A  l  N/A,6.54배  l  280원,,31.95배,+1.39%,,,,,,,
씨씨에스 *,494.0,0.0,0.00%,493.0,494.0,322430.0,165.0,91546.0,방송과엔터테인먼트,2022-09-20,씨씨에스,066790,,,,,,,,,,,,,,,,,277  억원,코스닥 1485위,56025056,500원  l  1주,27452277,162018,0.59%,N/A  l  N/A,"1,200  l  488",N/A  l  -3원,N/A  l  N/A,1.04배  l  474원,,31.95배,+1.39%,,,,,,,
초록뱀컴퍼니 *,681.0,2.0,-0.29%,681.0,684.0,194923.0,133.0,339793.0,방송과엔터테인먼트,2022-09-20,초록뱀컴퍼니,052300,,,,,,,,,,,,,,,,,784  억원,코스닥 1015위,115080002,500원  l  1주,115080002,702369,0.61%,N/A  l  N/A,"1,880  l  665",1.11배  l  614원,N/A  l  N/A,"0.29배  l  2,372원",,31.95배,+1.39%,,,,,,,
티와이홀딩스,14600.0,100.0,-0.68%,14550.0,14600.0,31751.0,462.0,63460.0,방송과엔터테인먼트,2022-09-20,티와이홀딩스,363280,810.0,10.0,306.0,1.23,37.78,,,,,586.0,25.07,,,,,,"7,436  억원",코스피 270위,50929268,500원  l  1주,50929268,2958203,5.81%,"4.00매수  l  25,000","29,200  l  14,450","5.93배  l  2,461원",N/A  l  N/A,"0.37배  l  39,323원",,31.95배,+1.39%,,,,,,,
와이지엔터테인먼트 *,51900.0,600.0,-1.14%,51900.0,52000.0,299066.0,15631.0,395513.0,방송과엔터테인먼트,2022-09-20,와이지엔터테인먼트,122870,1243.0,202.0,147.0,16.25,11.79,,,,,640.0,82.03,,,,,,"9,679  억원",코스닥 50위,18648709,500원  l  1주,18648709,1482315,7.95%,"4.00매수  l  78,941","75,800  l  41,750",114.07배  l  455원,"29.00배  l  1,812원","2.50배  l  20,751원",,31.95배,+1.39%,0.48%,,,,,,
코퍼스코리아 *,2150.0,30.0,-1.38%,2150.0,2170.0,175773.0,382.0,74907.0,방송과엔터테인먼트,2022-09-20,코퍼스코리아,322780,,,,,,,,,,,,,,,,,769  억원,코스닥 1026위,35755674,100원  l  1주,35755674,130712,0.37%,N/A  l  N/A,"4,190  l  2,005",16.41배  l  131원,N/A  l  N/A,"1.56배  l  1,376원",,31.95배,+1.39%,0.70%,,,,,,
콘텐트리중앙,34000.0,650.0,-1.88%,34000.0,34100.0,142798.0,4891.0,174374.0,방송과엔터테인먼트,2022-09-20,콘텐트리중앙,036420,2538.0,126.0,41.0,4.98,1.6,,,,,436.0,79.56,,,,,,"6,519  억원",코스피 292위,19172319,"5,000원  l  1주",5751695,266442,4.63%,"4.00매수  l  58,458","85,900  l  32,200","N/A  l  -1,856원",-87.00배  l  -390원,"3.86배  l  8,808원",,31.95배,+1.39%,,,,,,,
스튜디오산타클로스 *,7160.0,200.0,-2.72%,7140.0,7160.0,98701.0,715.0,81067.0,방송과엔터테인먼트,2022-09-20,스튜디오산타클로스,204630,,,,,,,,,,,,,,,,,739  억원,코스닥 1053위,10324760,500원  l  1주,10324760,0,0.00%,N/A  l  N/A,"24,600  l  6,350",70.89배  l  101원,N/A  l  N/A,"1.01배  l  7,089원",,31.95배,+1.39%,,,,,,,
